# Made in Blockbench 5.1.6
mtllib killa.mtl

o assault_brf
v -0.1875 1.24863375 -0.22450625000000002
v 0.1875 1.4503768750000001 -0.18162375
v 0.1875 1.24863375 -0.22450625000000002
v 0.1875 1.437383125 -0.12049000000000001
v 0.1875 1.23564 -0.16337125000000002
v -0.1875 1.437383125 -0.12049000000000001
v -0.1875 1.23564 -0.16337125000000002
v -0.1875 1.4503768750000001 -0.18162375
v -0.197608125 1.125711875 -0.19930875
v -0.185083125 1.56998375 -0.118501875
v -0.059903125 1.164809375 -0.18962875
v -0.186576875 1.555959375 -0.06158625000000001
v -0.061396875 1.1507856250000001 -0.1327125
v -0.199101875 1.111686875 -0.142393125
v -0.324281875 1.516860625 -0.07126625
v -0.322788125 1.530885 -0.1281825
v -0.25828 1.24852875 0.11771187499999997
v -0.204878125 1.58207125 0.09897374999999997
v -0.120641875 1.28896375 0.12692624999999996
v -0.12608 1.29332375 0.18903624999999996
v -0.21031625 1.58643125 0.16108374999999997
v -0.34795375 1.545996875 0.15187
v -0.263718125 1.25289 0.17982187499999996
v -0.34251625 1.541636875 0.08976
v -0.265625 0.75 0.10625000000000001
v 0.265625 1.4375 0.10625000000000001
v 0.265625 0.75 0.10625000000000001
v 0.265625 1.4375 0.2
v 0.265625 0.75 0.2
v -0.265625 1.4375 0.2
v -0.265625 0.75 0.2
v -0.265625 1.4375 0.10625000000000001
v 0.059903125 1.164809375 -0.18962875
v 0.322788125 1.530885 -0.1281825
v 0.197608125 1.125711875 -0.19930875
v 0.199101875 1.111686875 -0.142393125
v 0.324281875 1.516860625 -0.07126625
v 0.186576875 1.555959375 -0.06158625000000001
v 0.061396875 1.1507856250000001 -0.1327125
v 0.185083125 1.56998375 -0.118501875
v 0.120641875 1.28896375 0.12692624999999996
v 0.34251625 1.541636875 0.08976
v 0.25828 1.24852875 0.11771187499999997
v 0.34795375 1.545996875 0.15187
v 0.263718125 1.25289 0.17982187499999996
v 0.12608 1.29332375 0.18903624999999996
v 0.21031625 1.58643125 0.16108374999999997
v 0.204878125 1.58207125 0.09897374999999997
v -0.1875 1.41875 -0.1875
v -0.10625 1.60625 -0.1875
v -0.10625 1.41875 -0.1875
v -0.10625 1.60625 0.175
v -0.10625 1.41875 0.175
v -0.1875 1.60625 0.175
v -0.1875 1.41875 0.175
v -0.1875 1.60625 -0.1875
v 0.10625 1.41875 -0.1875
v 0.1875 1.60625 -0.1875
v 0.1875 1.41875 -0.1875
v 0.1875 1.60625 0.175
v 0.1875 1.41875 0.175
v 0.10625 1.60625 0.175
v 0.10625 1.41875 0.175
v 0.10625 1.60625 -0.1875
v 0.10625 1.4375 0.125
v 0.10625 1.60625 0.1875
v 0.10625 1.4375 0.1875
v -0.10625 1.60625 0.1875
v -0.10625 1.4375 0.1875
v -0.10625 1.60625 0.125
v -0.10625 1.4375 0.125
v 0.10625 1.60625 0.125
v 0.125 1.40135625 -0.193420625
v 0.125 1.60489375 -0.18157937500000002
v 0.125 1.418045 -0.133050625
v -0.125 1.60489375 -0.18157937500000002
v -0.125 1.418045 -0.133050625
v -0.125 1.588205 -0.24194937500000002
v -0.125 1.40135625 -0.193420625
v 0.125 1.588205 -0.24194937500000002
v -0.125 0.58125 -0.21875
v 0.125 0.64375 -0.21875
v 0.125 0.58125 -0.21875
v 0.125 0.64375 -0.1625
v 0.125 0.58125 -0.1625
v -0.125 0.64375 -0.1625
v -0.125 0.58125 -0.1625
v -0.125 0.64375 -0.21875
v -0.115830625 0.6687500000000001 -0.23750000000000002
v 0.115699375 0.707736875 -0.23750000000000002
v 0.115699375 0.6687500000000001 -0.23750000000000002
v 0.115699375 0.707736875 -0.18125000000000002
v 0.115699375 0.6687500000000001 -0.18125000000000002
v -0.115830625 0.707736875 -0.18125000000000002
v -0.115830625 0.6687500000000001 -0.18125000000000002
v -0.115830625 0.707736875 -0.23750000000000002
v -0.157583125 0.6968725 -0.24375000000000002
v 0.1549825 0.813833125 -0.24375000000000002
v 0.1549825 0.6968725 -0.24375000000000002
v 0.1549825 0.813833125 -0.18125000000000002
v 0.1549825 0.6968725 -0.18125000000000002
v -0.157583125 0.813833125 -0.18125000000000002
v -0.157583125 0.6968725 -0.18125000000000002
v -0.157583125 0.813833125 -0.24375000000000002
v 0.115636875 0.6686875 -0.23743750000000002
v 0.115636875 0.7238237500000001 -0.23743750000000002
v 0.15656625 0.69625625 -0.23743750000000002
v 0.15656625 0.69625625 -0.1811875
v 0.115636875 0.6686875 -0.1811875
v 0.115636875 0.7238237500000001 -0.1811875
v 0.074706875 0.69625625 -0.1811875
v 0.074706875 0.69625625 -0.23743750000000002
v -0.115768125 0.6686875 -0.23743750000000002
v -0.115768125 0.7238237500000001 -0.23743750000000002
v -0.07483875 0.69625625 -0.23743750000000002
v -0.07483875 0.69625625 -0.1811875
v -0.115768125 0.6686875 -0.1811875
v -0.115768125 0.7238237500000001 -0.1811875
v -0.156698125 0.69625625 -0.1811875
v -0.156698125 0.69625625 -0.23743750000000002
v -0.170145625 0.626395625 -0.2249375
v 0.167354375 0.813895625 -0.2249375
v 0.167354375 0.626395625 -0.2249375
v 0.167354375 0.813895625 -0.1624375
v 0.167354375 0.626395625 -0.1624375
v -0.170145625 0.813895625 -0.1624375
v -0.170145625 0.626395625 -0.1624375
v -0.170145625 0.813895625 -0.2249375
v -0.1250625 0.5811875000000001 -0.2186875
v -0.1250625 0.6695762500000001 -0.2186875
v -0.080868125 0.6253825000000001 -0.2186875
v -0.080868125 0.6253825000000001 -0.1624375
v -0.1250625 0.5811875000000001 -0.1624375
v -0.1250625 0.6695762500000001 -0.1624375
v -0.1692575 0.6253825000000001 -0.1624375
v -0.1692575 0.6253825000000001 -0.2186875
v 0.1250625 0.5811875000000001 -0.2186875
v 0.1250625 0.6695762500000001 -0.2186875
v 0.169256875 0.6253825000000001 -0.2186875
v 0.169256875 0.6253825000000001 -0.1624375
v 0.1250625 0.5811875000000001 -0.1624375
v 0.1250625 0.6695762500000001 -0.1624375
v 0.0808675 0.6253825000000001 -0.1624375
v 0.0808675 0.6253825000000001 -0.2186875
v -0.25 0.75 -0.225
v 0.25 1.25 -0.225
v 0.25 0.75 -0.225
v 0.25 1.25 -0.1
v 0.25 0.75 -0.1
v -0.25 1.25 -0.1
v -0.25 0.75 -0.1
v -0.25 1.25 -0.225
v -0.19661503594120616 1.57494125 -0.11091125000000002
v -0.3477804025844397 1.5683962500000002 0.05020249999999998
v -0.21961602655812307 1.6080281250000001 0.06094937499999997
v -0.20478911561691693 1.5489712500000001 0.07301124999999997
v -0.18178812500000002 1.5158850000000001 -0.09884937500000002
v -0.3329531349613085 1.50933875 0.06226375000000001
v -0.30995250102631666 1.476253125 -0.10959625
v -0.3247794119675228 1.53531 -0.121658125
v -0.33018028967619373 1.487518125 0.13916625
v -0.19420992972078824 1.5505962500000001 0.04457124999999998
v -0.19450312226315564 1.527953125 0.14838
v -0.2119833900445945 1.609075 0.057274999999999965
v -0.2122762259050369 1.58643125 0.16108374999999997
v -0.3476609141395576 1.56864 0.04806125
v -0.34795375 1.545996875 0.15187
v -0.32988781049767635 1.5101612500000001 0.03535687499999998
v 0.3477804025844397 1.5683962500000002 0.05020249999999998
v 0.19661503594120616 1.57494125 -0.11091125000000002
v 0.21961602655812307 1.6080281250000001 0.06094937499999997
v 0.20478911561691693 1.5489712500000001 0.07301124999999997
v 0.18178812500000002 1.5158850000000001 -0.09884937500000002
v 0.3329531349613085 1.50933875 0.06226375000000001
v 0.30995250102631666 1.476253125 -0.10959625
v 0.3247794119675228 1.53531 -0.121658125
v 0.19420992972078824 1.5505962500000001 0.04457124999999998
v 0.33018028967619373 1.487518125 0.13916625
v 0.19450312226315564 1.527953125 0.14838
v 0.2119833900445945 1.609075 0.057274999999999965
v 0.2122762259050369 1.58643125 0.16108374999999997
v 0.3476609141395576 1.56864 0.04806125
v 0.34795375 1.545996875 0.15187
v 0.32988781049767635 1.5101612500000001 0.03535687499999998
v -0.31250022904924313 0.8125000373519908 -0.1625
v -0.2500003670975298 1.093750183269594 -0.1625
v -0.24999996163419091 0.8125000472192248 -0.1625
v -0.2500003670975298 1.093750183269594 0.14999999999999997
v -0.24999996163419091 0.8125000472192248 0.14999999999999997
v -0.3125000308089405 1.0937503351642635 0.14999999999999997
v -0.31250022904924313 0.8125000373519908 0.14999999999999997
v -0.3125000308089405 1.0937503351642635 -0.1625
v 0.24999960110975716 0.812500082813124 -0.1625
v 0.3124994630614706 1.093750228730727 -0.1625
v 0.31249986852480927 0.8125000926803578 -0.1625
v 0.3124994630614706 1.093750228730727 0.14999999999999997
v 0.31249986852480927 0.8125000926803578 0.14999999999999997
v 0.24999979935005956 1.0937503806253965 0.14999999999999997
v 0.24999960110975716 0.812500082813124 0.14999999999999997
v 0.24999979935005956 1.0937503806253965 -0.1625
v -0.25357979153086063 0.8125062297276037 -0.26927812500000003
v -0.2535795383326047 1.093744248361173 -0.26927812500000003
v -0.17159529006995955 1.0937439479745321 -0.22383312500000002
v -0.17159510132647737 0.8125066948065075 -0.22383312500000002
v -0.23037222113401978 0.8125065519151375 -0.11779687500000001
v -0.23037240987750218 1.0937438050831623 -0.11779687500000001
v -0.3123566581401471 1.0937441054698032 -0.16324125
v -0.31235707310030625 0.8125066905398751 -0.16324125
v 0.253124809600594 0.812500200293516 -0.26875000000000004
v 0.2531244041372551 1.0937503363438852 -0.26875000000000004
v 0.2531244041372551 1.0937503363438852 -0.17500000000000002
v 0.253124809600594 0.812500200293516 -0.17500000000000002
v -0.253125331886931 0.8125005334424742 -0.17500000000000002
v -0.25312497188472505 1.0937502275511053 -0.17500000000000002
v -0.25312497188472505 1.0937502275511053 -0.26875000000000004
v -0.253125331886931 0.8125005334424742 -0.26875000000000004
v 0.3122024616275514 0.8125064600749108 -0.16215812500000001
v 0.3122022728840692 1.0937437132429353 -0.16215812500000001
v 0.23021802462142404 1.0937440136295762 -0.11671312500000001
v 0.23021760966126492 0.8125065986996483 -0.11671312500000001
v 0.17113773631163398 0.8125062141927646 -0.223296875
v 0.17113738580624882 1.0937440710644308 -0.223296875
v 0.2531222377725353 1.0937439324396931 -0.26874125000000004
v 0.25312242651601746 0.8125066792716684 -0.26874125000000004
v -0.021875499643153384 0.8501250432881987 -0.325125
v -0.021875364734497804 1.075124886963451 -0.325125
v -0.021875364734497804 1.075124886963451 -0.206375
v -0.021875499643153384 0.8501250432881987 -0.206375
v -0.12812522546997518 0.8501249629705381 -0.206375
v -0.12812525232322258 1.075125410349432 -0.206375
v -0.12812525232322258 1.075125410349432 -0.325125
v -0.12812522546997518 0.8501249629705381 -0.325125
v -0.05625015863115035 0.8313749582174035 -0.325125
v -0.056249936286054014 0.8501251635170446 -0.325125
v -0.056249936286054014 0.8501251635170446 -0.31262500000000004
v -0.05625015863115035 0.8313749582174035 -0.31262500000000004
v -0.09375056923043235 0.8313754029075957 -0.31262500000000004
v -0.09375018512343303 0.8501250045035954 -0.31262500000000004
v -0.09375018512343303 0.8501250045035954 -0.325125
v -0.09375056923043235 0.8313754029075957 -0.325125
v -0.025000352919722246 0.8187503292922427 -0.3125
v -0.0250002868396213 0.9125004285630001 -0.3125
v -0.0250002868396213 0.9125004285630001 -0.1875
v -0.025000352919722246 0.8187503292922427 -0.1875
v -0.11875045219047986 0.8187503953723434 -0.1875
v -0.11875038611037914 0.912500494643101 -0.1875
v -0.11875038611037914 0.912500494643101 -0.3125
v -0.11875045219047986 0.8187503953723434 -0.3125
v -0.0061250960978729285 0.8368750656542007 -0.31262500000000004
v -0.006125122951120554 1.0618755130330946 -0.31262500000000004
v -0.006125122951120554 1.0618755130330946 -0.18762500000000001
v -0.0061250960978729285 0.8368750656542007 -0.18762500000000001
v -0.1405000489932049 0.8368750170023636 -0.18762500000000001
v -0.1405000758464523 1.0618754643812576 -0.18762500000000001
v -0.1405000758464523 1.0618754643812576 -0.31262500000000004
v -0.1405000489932049 0.8368750170023636 -0.31262500000000004
v 0.13750007553349297 0.8501251045557237 -0.325125
v 0.13749944497660382 1.0751253901727142 -0.325125
v 0.13749944497660382 1.0751253901727142 -0.206375
v 0.13750007553349297 0.8501251045557237 -0.206375
v 0.03124958424112667 0.8501254661798012 -0.206375
v 0.03124971914978225 1.0751253098550537 -0.206375
v 0.03124971914978225 1.0751253098550537 -0.325125
v 0.03124958424112667 0.8501254661798012 -0.325125
v 0.1031246510799515 0.8313754614266666 -0.325125
v 0.10312503518695104 0.8501250630226663 -0.325125
v 0.10312503518695104 0.8501250630226663 -0.31262500000000004
v 0.1031246510799515 0.8313754614266666 -0.31262500000000004
v 0.06562440224257249 0.8313753024132174 -0.31262500000000004
v 0.06562462458766882 0.8501255077128586 -0.31262500000000004
v 0.06562462458766882 0.8501255077128586 -0.325125
v 0.06562440224257249 0.8313753024132174 -0.325125
v 0.13437461855328237 0.8187502287978643 -0.3125
v 0.1343746846333833 0.9125003280686218 -0.3125
v 0.1343746846333833 0.9125003280686218 -0.1875
v 0.13437461855328237 0.8187502287978643 -0.1875
v 0.040624519282525196 0.8187502948779652 -0.1875
v 0.04062458536262592 0.9125003941487226 -0.1875
v 0.04062458536262592 0.9125003941487226 -0.3125
v 0.040624519282525196 0.8187502948779652 -0.3125
v 0.1532498753751319 0.8368749651598224 -0.31262500000000004
v 0.1532498485218845 1.0618754125387162 -0.31262500000000004
v 0.1532498485218845 1.0618754125387162 -0.18762500000000001
v 0.1532498753751319 0.8368749651598224 -0.18762500000000001
v 0.018874760717896955 0.8368755202116267 -0.18762500000000001
v 0.018874895626552535 1.0618753638868792 -0.18762500000000001
v 0.018874895626552535 1.0618753638868792 -0.31262500000000004
v 0.018874760717896955 0.8368755202116267 -0.31262500000000004
v 0.29375877565235076 0.8501253401366737 -0.2689325
v 0.29375830685736504 1.075125022050023 -0.2689325
v 0.24357255109038256 1.0751253798566287 -0.16130812500000002
v 0.24357257794362974 0.8501249324777348 -0.16130812500000002
v 0.14727761520516447 0.8501250926306609 -0.20621125
v 0.14727758835191707 1.0751255400095547 -0.20621125
v 0.19746334411889954 1.075125182202949 -0.313835625
v 0.19746320921024374 0.8501253385276967 -0.313835625
v 0.2626045400666086 0.8313750034003821 -0.28346000000000005
v 0.2626041587080634 0.85012504693812 -0.28346000000000005
v 0.25732158713524567 0.8501253263279347 -0.27213125
v 0.25732136479014933 0.8313751210282936 -0.27213125
v 0.22333519399852064 0.8313751021127826 -0.28797937500000004
v 0.22333481263997523 0.8501251456505206 -0.28797937500000004
v 0.2286179879164345 0.850125028022609 -0.29930812500000004
v 0.2286176038094352 0.8313754264266093 -0.29930812500000004
v 0.2855908973406125 0.8187503870705692 -0.25881125
v 0.2855909634207132 0.9125004863413267 -0.25881125
v 0.23276347992558377 0.9125002183772952 -0.1455225
v 0.23276341384548282 0.8187501191065376 -0.1455225
v 0.1477969195490454 0.8187504328785469 -0.18514312500000002
v 0.14779714739104954 0.912499928445663 -0.18514312500000002
v 0.200624630886179 0.9125001964096946 -0.29843125000000004
v 0.20062456480607826 0.818750097138937 -0.29843125000000004
v 0.3027501193922202 0.8368753641543271 -0.2509475
v 0.30275025430087577 1.0618752078295794 -0.2509475
v 0.2499227708057461 1.061874939865548 -0.13765875
v 0.2499226358970903 0.8368750961902954 -0.13765875
v 0.12813781325804108 0.8368755035679333 -0.194448125
v 0.12813794816669688 1.0618753472431859 -0.194448125
v 0.18096482795818525 1.0618754534453143 -0.307736875
v 0.18096485481143265 0.8368750060664203 -0.307736875
v -0.1974635426774981 0.8501251420229338 -0.313835625
v -0.19746417323438714 1.0751254276399245 -0.313835625
v -0.14727781376376314 1.075125231595222 -0.20621125
v -0.1472779486724185 0.8501253879199695 -0.20621125
v -0.24357351511452563 0.8501253863109925 -0.16130812500000002
v -0.24357338020586994 1.075125229986245 -0.16130812500000002
v -0.2937589742109493 1.0751249840892092 -0.2689325
v -0.2937591091196051 0.8501251404139567 -0.2689325
v -0.22861794002514346 0.8313754089902836 -0.29930812500000004
v -0.22861832138368876 0.8501254525280215 -0.29930812500000004
v -0.223335749810871 0.8501251731382068 -0.28797937500000004
v -0.22333536845232582 0.8313751296004689 -0.28797937500000004
v -0.25732214294759603 0.8313749489230547 -0.27213125
v -0.2573219206024999 0.8501251542226957 -0.27213125
v -0.26260449217531756 0.8501254336125105 -0.28346000000000005
v -0.2626047145204137 0.8313752283128695 -0.28346000000000005
v -0.20062523349017636 0.8187502631531174 -0.29843125000000004
v -0.2006251674100754 0.912500362423875 -0.29843125000000004
v -0.14779752215304276 0.9125000266842651 -0.18514312500000002
v -0.1477977499950467 0.818750531117149 -0.18514312500000002
v -0.23276408252958114 0.8187502411855168 -0.1455225
v -0.2327640164494802 0.9125003404562743 -0.1455225
v -0.28559149994460997 0.9125000724922426 -0.25881125
v -0.2855909623210693 0.8187501349833883 -0.25881125
v -0.18096587699828004 0.8368754549619171 -0.307736875
v -0.18096574208962424 1.0618752986371696 -0.307736875
v -0.12813825859449457 1.0618755666012012 -0.194448125
v -0.12813823174124717 0.8368751192223072 -0.194448125
v -0.24992365808393768 0.8368753648380418 -0.13765875
v -0.2499235231752821 1.0618752085132943 -0.13765875
v -0.30275040296677025 1.0618751023111659 -0.2509475
v -0.30275053787542605 0.8368752586359135 -0.2509475
v 0.24062477758119094 1.0937501899461237 -0.26875000000000004
v 0.2406246510353287 1.1732994836457475 -0.189200625
v 0.24062460917630135 1.1070081504075462 -0.12290937500000002
v 0.24062473572216336 1.0274588567079226 -0.20245875000000002
v -0.24062538718768833 1.0274590407106654 -0.20245875000000002
v -0.24062551373355068 1.107008334410289 -0.12290937500000002
v -0.2406254718745232 1.1732996676484904 -0.189200625
v -0.24062534532866087 1.0937503739488665 -0.26875000000000004
v -0.1742858883431862 1.0294067395329214 -0.2457776519954204
v -0.20234788903687193 1.5648626111495778 -0.2082838702667965
v -0.20211968774421765 1.560508845536515 -0.1459361144999965
v -0.17405768705053193 1.0250529739198584 -0.18342989622862038
v -0.24895490240691842 1.0211277819681532 -0.18342985972984827
v -0.2770169031006042 1.5565836535848099 -0.1459360780012244
v -0.27724510439325845 1.5609374191978727 -0.2082838337680244
v -0.2491831036995727 1.025481547581216 -0.24577761549664828
v -0.18985358867469704 1.0876261627624813 -0.26181563261596175
v -0.21262517218047328 1.5221332275814747 -0.21608472832769612
v -0.21238586691672456 1.5175664027477427 -0.172574392269137
v -0.18961428341094833 1.0830593379287492 -0.2183052965574026
v -0.2395457601507758 1.080442540156905 -0.21830533314270326
v -0.26231734365655207 1.5149496049758986 -0.17257442885443763
v -0.26255664892030073 1.5195164298096306 -0.21608476491299677
v -0.23978506541452452 1.0850093649906374 -0.26181566920126237
v 0.2397850654145245 1.0850093649906374 -0.26181566920126237
v 0.26255664892030073 1.5195164298096306 -0.21608476491299677
v 0.262317343656552 1.5149496049758986 -0.17257442885443763
v 0.23954576015077578 1.080442540156905 -0.21830533314270326
v 0.1896142834109483 1.0830593379287492 -0.2183052965574026
v 0.21238586691672454 1.5175664027477427 -0.172574392269137
v 0.21262517218047325 1.5221332275814747 -0.21608472832769612
v 0.189853588674697 1.0876261627624813 -0.26181563261596175
v -0.20240716269651501 1.5648095320721456 -0.20821119490464352
v -0.20514804292677216 1.61710774994932 0.07435167351128075
v -0.20193827291247443 1.5558612776218739 0.0857186268805295
v -0.19919739268221726 1.5035630597446994 -0.19684424153539476
v -0.27396978031268504 1.4996444282184151 -0.19684425821728763
v -0.27671066054294224 1.5519426460955896 0.08571861019863664
v -0.27992043055724 1.613189118423036 0.07435165682938788
v -0.2771795503269828 1.5608909005458615 -0.20821121158653638
v -0.20520621184426285 1.6170215784359556 0.07448522589203899
v -0.20310619058768603 1.57694850855212 0.20573804102682797
v -0.1999906349069575 1.5175001268625168 0.18753788368444413
v -0.20209065616353436 1.5575731967463524 0.05628506854965509
v -0.27673821499879564 1.5536611052427656 0.056285007172612866
v -0.2746381937422188 1.51358803535893 0.1875378223074019
v -0.2777537494229473 1.5730364170485331 0.20573797964978574
v -0.27985377067952416 1.6131094869323688 0.07448516451499676
v 0.27985377067952416 1.6131094869323688 0.07448516451499676
v 0.2777537494229473 1.5730364170485331 0.20573797964978574
v 0.2746381937422188 1.51358803535893 0.1875378223074019
v 0.27673821499879564 1.5536611052427656 0.056285007172612866
v 0.20209065616353436 1.5575731967463524 0.05628506854965509
v 0.1999906349069575 1.5175001268625168 0.18753788368444413
v 0.20310619058768603 1.57694850855212 0.20573804102682797
v 0.20520621184426285 1.6170215784359556 0.07448522589203899
v 0.2771795503269828 1.5608909005458615 -0.20821121158653638
v 0.27992043055724 1.613189118423036 0.07435165682938788
v 0.27671066054294224 1.5519426460955896 0.08571861019863664
v 0.2739697803126851 1.4996444282184151 -0.19684425821728763
v 0.19919739268221728 1.5035630597446994 -0.19684424153539476
v 0.20193827291247446 1.5558612776218739 0.0857186268805295
v 0.2051480429267722 1.61710774994932 0.07435167351128075
v 0.20240716269651504 1.5648095320721456 -0.20821119490464352
v -0.20317123631128947 1.5805767449668169 0.12472140126645692
v -0.20298572208805374 1.577037565845749 0.20589407090114337
v -0.1908947207958996 1.3463242695227409 0.19580719390551338
v -0.19108023501913535 1.3498634486438088 0.11463452427082693
v -0.26597745293733965 1.3459383055748373 0.11463455771567627
v -0.26579193871410395 1.3423991264537694 0.19580722735036266
v -0.2778829400062581 1.5731124227767774 0.2058941043459927
v -0.2780684542294938 1.5766516018978454 0.12472143471130626
v 0.2491831036995727 1.025481547581216 -0.24577761549664828
v 0.27724510439325845 1.5609374191978727 -0.2082838337680244
v 0.2770169031006042 1.5565836535848099 -0.1459360780012244
v 0.24895490240691842 1.0211277819681532 -0.18342985972984827
v 0.17405768705053193 1.0250529739198584 -0.18342989622862038
v 0.20211968774421765 1.560508845536515 -0.1459361144999965
v 0.20234788903687193 1.5648626111495778 -0.2082838702667965
v 0.1742858883431862 1.0294067395329214 -0.2457776519954204
v 0.27806845422949383 1.5766516018978454 0.12472143471130626
v 0.2778829400062581 1.5731124227767774 0.2058941043459927
v 0.26579193871410395 1.3423991264537694 0.19580722735036266
v 0.26597745293733965 1.3459383055748373 0.11463455771567627
v 0.19108023501913535 1.3498634486438088 0.11463452427082693
v 0.19089472079589964 1.3463242695227409 0.19580719390551338
v 0.20298572208805377 1.577037565845749 0.20589407090114337
v 0.2031712363112895 1.5805767449668169 0.12472140126645692
v 0.29178430114470194 0.93125625 0.17340540587260994
v 0.29178430114470194 0.97499375 0.17340540587260994
v 0.25037883088182106 0.97499375 0.22020577647541267
v 0.25037883088182106 0.93125625 0.22020577647541267
v 0.2316642998086058 0.93125625 0.20364855802062193
v 0.2316642998086058 0.97499375 0.20364855802062193
v 0.2730697700714867 0.97499375 0.1568481874178192
v 0.2730697700714867 0.93125625 0.1568481874178192
v 0.291793125 0.93125 0.11090500000000003
v 0.291793125 0.975 0.11090500000000003
v 0.291793125 0.975 0.17340500000000003
v 0.291793125 0.93125 0.17340500000000003
v 0.260543125 0.93125 0.17340500000000003
v 0.260543125 0.975 0.17340500000000003
v 0.260543125 0.975 0.11090500000000003
v 0.260543125 0.93125 0.11090500000000003
v -0.2730697700714867 0.93125625 0.1568481874178192
v -0.2730697700714867 0.97499375 0.1568481874178192
v -0.2316642998086058 0.97499375 0.20364855802062193
v -0.2316642998086058 0.93125625 0.20364855802062193
v -0.25037883088182106 0.93125625 0.22020577647541267
v -0.25037883088182106 0.97499375 0.22020577647541267
v -0.29178430114470194 0.97499375 0.17340540587260994
v -0.29178430114470194 0.93125625 0.17340540587260994
v -0.260543125 0.93125 0.11090500000000003
v -0.260543125 0.975 0.11090500000000003
v -0.260543125 0.975 0.17340500000000003
v -0.260543125 0.93125 0.17340500000000003
v -0.291793125 0.93125 0.17340500000000003
v -0.291793125 0.975 0.17340500000000003
v -0.291793125 0.975 0.11090500000000003
v -0.291793125 0.93125 0.11090500000000003
v -0.24962062500000004 0.9312499999999999 0.22021437499999996
v -0.24962062500000004 0.9749999999999999 0.22021437499999996
v -0.24962062500000004 0.9749999999999999 0.113964375
v -0.24962062500000004 0.9312499999999999 0.113964375
v 0.25037937499999996 0.93125 0.113964375
v 0.25037937499999996 0.975 0.113964375
v 0.25037937499999996 0.975 0.22021437499999996
v 0.25037937499999996 0.93125 0.22021437499999996
v -0.005870625000000046 0.925 0.22646437499999994
v -0.005870625000000046 0.98125 0.22646437499999994
v -0.005870625000000046 0.98125 0.10771437500000003
v -0.005870625000000046 0.925 0.10771437500000003
v 0.03162937500000004 0.925 0.10771437500000003
v 0.03162937500000004 0.98125 0.10771437500000003
v 0.03162937500000004 0.98125 0.22646437499999994
v 0.03162937500000004 0.925 0.22646437499999994
v -0.1700829441738241 0.6263328284455381 -0.21887500000000001
v -0.12770294854539135 0.6376885140494112 -0.21887500000000001
v -0.12770294854539135 0.6376885140494112 -0.1625
v -0.1700829441738241 0.6263328284455381 -0.1625
v -0.20408529622416777 0.7532313338742644 -0.1625
v -0.161705300595735 0.7645870194781375 -0.1625
v -0.161705300595735 0.7645870194781375 -0.21887500000000001
v -0.20408529622416777 0.7532313338742644 -0.21887500000000001
v 0.20230842122416778 0.7532313338742643 -0.21875000000000003
v 0.159928425595735 0.7645870194781375 -0.21875000000000003
v 0.159928425595735 0.7645870194781375 -0.16237500000000002
v 0.20230842122416778 0.7532313338742643 -0.16237500000000002
v 0.16830606917382412 0.6263328284455381 -0.16237500000000002
v 0.12592607354539137 0.6376885140494112 -0.16237500000000002
v 0.12592607354539137 0.6376885140494112 -0.21875000000000003
v 0.16830606917382412 0.6263328284455381 -0.21875000000000003
vt 0.1484375 0.987109375
vt 0.125 1
vt 0.125 0.987109375
vt 0.2254185546875 0.733484765625
vt 0.2189173828125 0.745281640625
vt 0.2215974609375 0.73267265625
vt 0.046875 0.869140625
vt 0.0234375 0.88203125
vt 0.0234375 0.869140625
vt 0.2579798828125 0.815516015625
vt 0.2644810546875 0.827312890625
vt 0.2606599609375 0.828125
vt 0.2734375 0.984375
vt 0.25 0.98828125
vt 0.25 0.984375
vt 0.24609375 0.8671875
vt 0.26953125 0.86328125
vt 0.26953125 0.8671875
vt 0.0517271484375 0.889571875
vt 0.0508119140625 0.91796875
vt 0.0431068359375 0.892070703125
vt 0.0263671875 0.8369093750000001
vt 0.0162890625 0.86236875
vt 0.02217109375 0.835996875
vt 0.0078431640625 0.888671875
vt 0.0087583984375 0.91706875
vt 0.0001380859375 0.914569921875
vt 0.10642265625 0.83984375
vt 0.108108203125 0.8671281640625
vt 0.1022265625 0.8407561718750001
vt 0.266640625 0.73961328125
vt 0.2578125 0.7350113281249999
vt 0.26125 0.732437109375
vt 0.23390625 0.738266015625
vt 0.2358589453125 0.7285158593750001
vt 0.239296640625 0.7310897656249999
vt 0.059401171875 0.853515625
vt 0.056178515625 0.8744128906249999
vt 0.05078125 0.856048828125
vt 0.129478125 0.727003515625
vt 0.134765625 0.745809765625
vt 0.13086953125 0.74609375
vt 0.084329296875 0.8566359375
vt 0.0703125 0.87246640625
vt 0.075709375 0.8541027343750001
vt 0.18555703125 0.73046875
vt 0.188061328125 0.749842578125
vt 0.184165625 0.74955859375
vt 0.1101421875 0.703125
vt 0.10851328125 0.693464453125
vt 0.1123046875 0.6944046875000001
vt 0.3037109375 0.9481735546875
vt 0.2977570703125 0.9403935546875
vt 0.301548515625 0.939453125
vt 0.033203125 0.95703125
vt 0 1
vt 0 0.95703125
vt 0.123046875 0.82421875
vt 0.1171875 0.8671875
vt 0.1171875 0.82421875
vt 0.072265625 0.95703125
vt 0.0390625 1
vt 0.0390625 0.95703125
vt 0.005859375 0.81640625
vt 0 0.859375
vt 0 0.81640625
vt 0.044921875 0.814453125
vt 0.01171875 0.8203125
vt 0.01171875 0.814453125
vt 0.212890625 0.923828125
vt 0.1796875 0.9296875
vt 0.1796875 0.923828125
vt 0.0945884765625 0.974101953125
vt 0.0782630859375 0.99750078125
vt 0.0859681640625 0.971603125
vt 0.13478828125 0.84375
vt 0.133102734375 0.871034375
vt 0.12890625 0.870121484375
vt 0.0321958984375 0.888671875
vt 0.0312806640625 0.91706875
vt 0.0235755859375 0.89117109375
vt 0.03125 0.8369093750000001
vt 0.041328125 0.86236875
vt 0.03713203125 0.86328125
vt 0.11421875 0.90367578125
vt 0.123046875 0.899073828125
vt 0.11765625 0.90625
vt 0.26265609375 0.7896833984375
vt 0.27148421875 0.7942857421875
vt 0.26804671875 0.7968595703125
vt 0.1396484375 0.9615176953125
vt 0.12563140625 0.97734796875
vt 0.1310285546875 0.958984375
vt 0.19920859375 0.73046875
vt 0.1967042578125 0.74984296875
vt 0.1953125 0.730753125
vt 0.129537890625 0.8917921875
vt 0.1435546875 0.90762265625
vt 0.13493515625 0.91015625
vt 0.21231875 0.730909765625
vt 0.20703125 0.749716015625
vt 0.208423046875 0.730626171875
vt 0.12890625 0.6944046484374999
vt 0.1348599609375 0.702184453125
vt 0.1310685546875 0.703125
vt 0.02734375 0.7020798046875
vt 0.03329765625 0.6942997265624999
vt 0.031134765625 0.7030200390625
vt 0.275 0.6953125
vt 0.269921875 0.70703125
vt 0.269921875 0.6953125
vt 0.175390625 0.98828125
vt 0.152734375 1
vt 0.152734375 0.98828125
vt 0.2984375 0.7109375
vt 0.293359375 0.72265625
vt 0.293359375 0.7109375
vt 0.066015625 0.8359375
vt 0.043359375 0.84765625
vt 0.043359375 0.8359375
vt 0.2515625 0.75859375
vt 0.246484375 0.78125
vt 0.246484375 0.75859375
vt 0.2515625 0.73046875
vt 0.246484375 0.753125
vt 0.246484375 0.73046875
vt 0.28671875 0.6953125
vt 0.281640625 0.70703125
vt 0.281640625 0.6953125
vt 0.093359375 0.8359375
vt 0.070703125 0.84765625
vt 0.070703125 0.8359375
vt 0.2984375 0.6953125
vt 0.293359375 0.70703125
vt 0.293359375 0.6953125
vt 0.179296875 0.9453125
vt 0.156640625 0.95703125
vt 0.156640625 0.9453125
vt 0.15390625 0.72734375
vt 0.148828125 0.75
vt 0.148828125 0.72734375
vt 0.17734375 0.7265625
vt 0.172265625 0.74921875
vt 0.172265625 0.7265625
vt 0.0859375 0.684765625
vt 0.08203125 0.6953125
vt 0.08203125 0.684765625
vt 0.0369140625 0.766796875
vt 0.0236328125 0.77734375
vt 0.0236328125 0.766796875
vt 0.30859375 0.880078125
vt 0.3046875 0.890625
vt 0.3046875 0.880078125
vt 0.2361328125 0.782421875
vt 0.2228515625 0.79296875
vt 0.2228515625 0.782421875
vt 0.2970703125 0.89453125
vt 0.3103515625 0.8984375
vt 0.2970703125 0.8984375
vt 0.1541015625 0.703125
vt 0.1408203125 0.69921875
vt 0.1541015625 0.69921875
vt 0.1484375 0.987109375
vt 0.1484375 1
vt 0.125 1
vt 0.2254185546875 0.733484765625
vt 0.2227384765625 0.74609375
vt 0.2189173828125 0.745281640625
vt 0.046875 0.869140625
vt 0.046875 0.88203125
vt 0.0234375 0.88203125
vt 0.2579798828125 0.815516015625
vt 0.2618009765625 0.81470390625
vt 0.2644810546875 0.827312890625
vt 0.2734375 0.984375
vt 0.2734375 0.98828125
vt 0.25 0.98828125
vt 0.24609375 0.8671875
vt 0.24609375 0.86328125
vt 0.26953125 0.86328125
vt 0.0517271484375 0.889571875
vt 0.0594322265625 0.91546953125
vt 0.0508119140625 0.91796875
vt 0.0263671875 0.8369093750000001
vt 0.02048515625 0.86328125
vt 0.0162890625 0.86236875
vt 0.0078431640625 0.888671875
vt 0.0164634765625 0.89117109375
vt 0.0087583984375 0.91706875
vt 0.10642265625 0.83984375
vt 0.1123046875 0.866215234375
vt 0.108108203125 0.867128125
vt 0.266640625 0.73961328125
vt 0.263203125 0.7421875
vt 0.2578125 0.7350113281249999
vt 0.23390625 0.738266015625
vt 0.23046875 0.7356917968750001
vt 0.235858984375 0.728515625
vt 0.059401171875 0.853515625
vt 0.0647984375 0.871879296875
vt 0.056178515625 0.8744128906249999
vt 0.129478125 0.727003515625
vt 0.133373828125 0.726719921875
vt 0.134765625 0.745809765625
vt 0.084329296875 0.8566359375
vt 0.07893203125 0.875
vt 0.0703125 0.87246640625
vt 0.18555703125 0.73046875
vt 0.189453125 0.730753125
vt 0.1880613671875 0.74984296875
vt 0.1101421875 0.703125
vt 0.1063507421875 0.70218453125
vt 0.10851328125 0.6934645312500001
vt 0.3037109375 0.9481735546875
vt 0.299919921875 0.9491137890625
vt 0.29775703125 0.9403934765624999
vt 0.033203125 0.95703125
vt 0.033203125 1
vt 0 1
vt 0.123046875 0.82421875
vt 0.123046875 0.8671875
vt 0.1171875 0.8671875
vt 0.072265625 0.95703125
vt 0.072265625 1
vt 0.0390625 1
vt 0.005859375 0.81640625
vt 0.005859375 0.859375
vt 0 0.859375
vt 0.044921875 0.814453125
vt 0.044921875 0.8203125
vt 0.01171875 0.8203125
vt 0.212890625 0.923828125
vt 0.212890625 0.9296875
vt 0.1796875 0.9296875
vt 0.0945884765625 0.974101953125
vt 0.0868833984375 1
vt 0.0782630859375 0.99750078125
vt 0.13478828125 0.84375
vt 0.138984375 0.8446624218750001
vt 0.133102734375 0.8710344140625
vt 0.0321958984375 0.888671875
vt 0.0399009765625 0.914569921875
vt 0.0312806640625 0.91706875
vt 0.03125 0.8369093750000001
vt 0.03544609375 0.835996875
vt 0.041328125 0.86236875
vt 0.11421875 0.90367578125
vt 0.119609375 0.896499609375
vt 0.123046875 0.899073828125
vt 0.26265609375 0.7896833984375
vt 0.26609375 0.787109375
vt 0.271484375 0.7942858203125001
vt 0.1396484375 0.9615176953125
vt 0.134251171875 0.9798817578125
vt 0.12563125 0.9773481640625
vt 0.19920859375 0.73046875
vt 0.2006 0.74955859375
vt 0.196704296875 0.749842578125
vt 0.129537890625 0.8917921875
vt 0.1381578125 0.8892589843750001
vt 0.1435546875 0.90762265625
vt 0.21231875 0.730909765625
vt 0.21092734375 0.75
vt 0.20703125 0.749716015625
vt 0.12890625 0.6944046484374999
vt 0.13269765625 0.6934644140624999
vt 0.13486015625 0.7021847265625
vt 0.02734375 0.7020798046875
vt 0.029506171875 0.693359375
vt 0.0332976171875 0.6942998046875
vt 0.275 0.6953125
vt 0.275 0.70703125
vt 0.269921875 0.70703125
vt 0.175390625 0.98828125
vt 0.175390625 1
vt 0.152734375 1
vt 0.2984375 0.7109375
vt 0.2984375 0.72265625
vt 0.293359375 0.72265625
vt 0.066015625 0.8359375
vt 0.066015625 0.84765625
vt 0.043359375 0.84765625
vt 0.2515625 0.75859375
vt 0.2515625 0.78125
vt 0.246484375 0.78125
vt 0.2515625 0.73046875
vt 0.2515625 0.753125
vt 0.246484375 0.753125
vt 0.28671875 0.6953125
vt 0.28671875 0.70703125
vt 0.281640625 0.70703125
vt 0.093359375 0.8359375
vt 0.093359375 0.84765625
vt 0.070703125 0.84765625
vt 0.2984375 0.6953125
vt 0.2984375 0.70703125
vt 0.293359375 0.70703125
vt 0.179296875 0.9453125
vt 0.179296875 0.95703125
vt 0.156640625 0.95703125
vt 0.15390625 0.72734375
vt 0.15390625 0.75
vt 0.148828125 0.75
vt 0.17734375 0.7265625
vt 0.17734375 0.74921875
vt 0.172265625 0.74921875
vt 0.0859375 0.684765625
vt 0.0859375 0.6953125
vt 0.08203125 0.6953125
vt 0.0369140625 0.766796875
vt 0.0369140625 0.77734375
vt 0.0236328125 0.77734375
vt 0.30859375 0.880078125
vt 0.30859375 0.890625
vt 0.3046875 0.890625
vt 0.2361328125 0.782421875
vt 0.2361328125 0.79296875
vt 0.2228515625 0.79296875
vt 0.2970703125 0.89453125
vt 0.3103515625 0.89453125
vt 0.3103515625 0.8984375
vt 0.1541015625 0.703125
vt 0.1408203125 0.703125
vt 0.1408203125 0.69921875
vt 0.261600390625 0.74899765625
vt 0.260860546875 0.76171875
vt 0.25782734375 0.750040625
vt 0.1953125 0.905903125
vt 0.1796875 0.91796875
vt 0.1796875 0.905903125
vt 0.26463359375 0.769571875
vt 0.25782734375 0.78020703125
vt 0.260860546875 0.76852890625
vt 0.06640625 0.8076171875
vt 0.05078125 0.8196828125
vt 0.05078125 0.8076171875
vt 0.29296875 0.8515625
vt 0.27734375 0.8476480468750001
vt 0.29296875 0.8476480468750001
vt 0.29296875 0.89746953125
vt 0.27734375 0.8935546875
vt 0.29296875 0.8935546875
vt 0.261600390625 0.74899765625
vt 0.26463359375 0.76067578125
vt 0.260860546875 0.76171875
vt 0.1953125 0.905903125
vt 0.1953125 0.91796875
vt 0.1796875 0.91796875
vt 0.26463359375 0.769571875
vt 0.261600390625 0.78125
vt 0.25782734375 0.78020703125
vt 0.06640625 0.8076171875
vt 0.06640625 0.8196828125
vt 0.05078125 0.8196828125
vt 0.29296875 0.8515625
vt 0.27734375 0.8515625
vt 0.27734375 0.8476480468750001
vt 0.29296875 0.89746953125
vt 0.27734375 0.89746953125
vt 0.27734375 0.8935546875
vt 0.29296875 0.9140625
vt 0.27734375 0.91796875
vt 0.27734375 0.9140625
vt 0.0935546875 0.671875
vt 0.0900390625 0.67578125
vt 0.0900390625 0.671875
vt 0.29296875 0.78515625
vt 0.27734375 0.7890625
vt 0.27734375 0.78515625
vt 0.3279296875 0.90625
vt 0.3244140625 0.91015625
vt 0.3244140625 0.90625
vt 0.3125 0.930078125
vt 0.296875 0.93359375
vt 0.296875 0.930078125
vt 0.3125 0.9140625
vt 0.296875 0.917578125
vt 0.296875 0.9140625
vt 0.29296875 0.9140625
vt 0.29296875 0.91796875
vt 0.27734375 0.91796875
vt 0.0935546875 0.671875
vt 0.0935546875 0.67578125
vt 0.0900390625 0.67578125
vt 0.29296875 0.78515625
vt 0.29296875 0.7890625
vt 0.27734375 0.7890625
vt 0.3279296875 0.90625
vt 0.3279296875 0.91015625
vt 0.3244140625 0.91015625
vt 0.3125 0.930078125
vt 0.3125 0.93359375
vt 0.296875 0.93359375
vt 0.3125 0.9140625
vt 0.3125 0.917578125
vt 0.296875 0.917578125
vt 0.3153408203125 0.92334453125
vt 0.3008701171875 0.92578125
vt 0.3008701171875 0.92334453125
vt 0.0037109375 0.6694382812499999
vt 0.0001953125 0.671875
vt 0.0001953125 0.6694382812499999
vt 0.3192470703125 0.90771953125
vt 0.3047763671875 0.91015625
vt 0.3047763671875 0.90771953125
vt 0.3318359375 0.99756328125
vt 0.3283203125 1
vt 0.3283203125 0.99756328125
vt 0.3114345703125 0.848046875
vt 0.2969638671875 0.8515625
vt 0.2969638671875 0.848046875
vt 0.2176845703125 0.69921875
vt 0.2032138671875 0.702734375
vt 0.2032138671875 0.69921875
vt 0.211427734375 0.934096484375
vt 0.191892578125 0.94140625
vt 0.191892578125 0.934096484375
vt 0.31640625 0.7348777343749999
vt 0.3125 0.7421875
vt 0.3125 0.7348777343749999
vt 0.242677734375 0.902846484375
vt 0.223142578125 0.91015625
vt 0.223142578125 0.902846484375
vt 0.265625 0.6801902343749999
vt 0.26171875 0.6875
vt 0.26171875 0.6801902343749999
vt 0.285646484375 0.875
vt 0.266111328125 0.87890625
vt 0.266111328125 0.875
vt 0.035646484375 0.7265625
vt 0.016111328125 0.73046875
vt 0.016111328125 0.7265625
vt 0.3153408203125 0.92334453125
vt 0.3153408203125 0.92578125
vt 0.3008701171875 0.92578125
vt 0.0037109375 0.6694382812499999
vt 0.0037109375 0.671875
vt 0.0001953125 0.671875
vt 0.3192470703125 0.90771953125
vt 0.3192470703125 0.91015625
vt 0.3047763671875 0.91015625
vt 0.3318359375 0.99756328125
vt 0.3318359375 1
vt 0.3283203125 1
vt 0.3114345703125 0.848046875
vt 0.3114345703125 0.8515625
vt 0.2969638671875 0.8515625
vt 0.2176845703125 0.69921875
vt 0.2176845703125 0.702734375
vt 0.2032138671875 0.702734375
vt 0.211427734375 0.934096484375
vt 0.211427734375 0.94140625
vt 0.191892578125 0.94140625
vt 0.31640625 0.7348777343749999
vt 0.31640625 0.7421875
vt 0.3125 0.7421875
vt 0.242677734375 0.902846484375
vt 0.242677734375 0.91015625
vt 0.223142578125 0.91015625
vt 0.265625 0.6801902343749999
vt 0.265625 0.6875
vt 0.26171875 0.6875
vt 0.285646484375 0.875
vt 0.285646484375 0.87890625
vt 0.266111328125 0.87890625
vt 0.035646484375 0.7265625
vt 0.035646484375 0.73046875
vt 0.016111328125 0.73046875
vt 0.3193359375 0.70358515625
vt 0.3193359375 0.70703125
vt 0.316777734375 0.705308203125
vt 0.2849609375 0.671875
vt 0.2814453125 0.674959375
vt 0.2814453125 0.671875
vt 0.3193359375 0.69577265625
vt 0.3193359375 0.69921875
vt 0.316777734375 0.697495703125
vt 0.3279296875 0.680509765625
vt 0.3244140625 0.68359375
vt 0.3244140625 0.680509765625
vt 0.3126953125 0.672697265625
vt 0.3162109375 0.67578125
vt 0.3126953125 0.67578125
vt 0.3048828125 0.671875
vt 0.3083984375 0.674958984375
vt 0.3048828125 0.674958984375
vt 0.3193359375 0.70358515625
vt 0.321894140625 0.705308203125
vt 0.3193359375 0.70703125
vt 0.2849609375 0.671875
vt 0.2849609375 0.674959375
vt 0.2814453125 0.674959375
vt 0.3193359375 0.69577265625
vt 0.321894140625 0.697495703125
vt 0.3193359375 0.69921875
vt 0.3279296875 0.680509765625
vt 0.3279296875 0.68359375
vt 0.3244140625 0.68359375
vt 0.3126953125 0.672697265625
vt 0.3162109375 0.672697265625
vt 0.3162109375 0.67578125
vt 0.3048828125 0.671875
vt 0.3083984375 0.671875
vt 0.3083984375 0.674958984375
vt 0.3076171875 0.68014765625
vt 0.3076171875 0.68359375
vt 0.305058984375 0.681870703125
vt 0.3279296875 0.71875
vt 0.3244140625 0.721834375
vt 0.3244140625 0.71875
vt 0.3193359375 0.68796015625
vt 0.3193359375 0.69140625
vt 0.316777734375 0.689683203125
vt 0.3240234375 0.672697265625
vt 0.3205078125 0.67578125
vt 0.3205078125 0.672697265625
vt 0.2970703125 0.672696875
vt 0.3005859375 0.67578125
vt 0.2970703125 0.67578125
vt 0.2892578125 0.671875
vt 0.2927734375 0.674959375
vt 0.2892578125 0.674959375
vt 0.3076171875 0.68014765625
vt 0.310175390625 0.681870703125
vt 0.3076171875 0.68359375
vt 0.3279296875 0.71875
vt 0.3279296875 0.721834375
vt 0.3244140625 0.721834375
vt 0.3193359375 0.68796015625
vt 0.321894140625 0.689683203125
vt 0.3193359375 0.69140625
vt 0.3240234375 0.672697265625
vt 0.3240234375 0.67578125
vt 0.3205078125 0.67578125
vt 0.2970703125 0.672696875
vt 0.3005859375 0.672696875
vt 0.3005859375 0.67578125
vt 0.2892578125 0.671875
vt 0.2927734375 0.671875
vt 0.2927734375 0.674959375
vt 0.1814453125 0.87109375
vt 0.1603515625 0.8828125
vt 0.1603515625 0.87109375
vt 0.11328125 0.82421875
vt 0.109375 0.8359375
vt 0.109375 0.82421875
vt 0.1853515625 0.97265625
vt 0.1642578125 0.984375
vt 0.1642578125 0.97265625
vt 0.07421875 0.80859375
vt 0.0703125 0.8203125
vt 0.0703125 0.80859375
vt 0.2830078125 0.85546875
vt 0.2619140625 0.859375
vt 0.2619140625 0.85546875
vt 0.2869140625 0.9765625
vt 0.2658203125 0.98046875
vt 0.2658203125 0.9765625
vt 0.1814453125 0.87109375
vt 0.1814453125 0.8828125
vt 0.1603515625 0.8828125
vt 0.11328125 0.82421875
vt 0.11328125 0.8359375
vt 0.109375 0.8359375
vt 0.1853515625 0.97265625
vt 0.1853515625 0.984375
vt 0.1642578125 0.984375
vt 0.07421875 0.80859375
vt 0.07421875 0.8203125
vt 0.0703125 0.8203125
vt 0.2830078125 0.85546875
vt 0.2830078125 0.859375
vt 0.2619140625 0.859375
vt 0.2869140625 0.9765625
vt 0.2869140625 0.98046875
vt 0.2658203125 0.98046875
vt 0.0263671875 0.68197578125
vt 0.0263671875 0.6875
vt 0.023605078125 0.684737890625
vt 0.1013671875 0.671875
vt 0.0978515625 0.67578125
vt 0.0978515625 0.671875
vt 0.1083984375 0.68197578125
vt 0.1083984375 0.6875
vt 0.105636328125 0.684737890625
vt 0.1169921875 0.671875
vt 0.1134765625 0.67578125
vt 0.1134765625 0.671875
vt 0.0744140625 0.671875
vt 0.0779296875 0.67578125
vt 0.0744140625 0.67578125
vt 0.0666015625 0.6708984375
vt 0.0701171875 0.6748046875
vt 0.0666015625 0.6748046875
vt 0.0263671875 0.68197578125
vt 0.029129296875 0.684737890625
vt 0.0263671875 0.6875
vt 0.1013671875 0.671875
vt 0.1013671875 0.67578125
vt 0.0978515625 0.67578125
vt 0.1083984375 0.68197578125
vt 0.111160546875 0.684737890625
vt 0.1083984375 0.6875
vt 0.1169921875 0.671875
vt 0.1169921875 0.67578125
vt 0.1134765625 0.67578125
vt 0.0744140625 0.671875
vt 0.0779296875 0.671875
vt 0.0779296875 0.67578125
vt 0.0666015625 0.6708984375
vt 0.0701171875 0.6708984375
vt 0.0701171875 0.6748046875
vt 0.3154296875 0.88510078125
vt 0.3154296875 0.890625
vt 0.312667578125 0.887862890625
vt 0.0544921875 0.6708984375
vt 0.0509765625 0.6748046875
vt 0.0509765625 0.6708984375
vt 0.3154296875 0.87338203125
vt 0.3154296875 0.87890625
vt 0.312667578125 0.876144140625
vt 0.3279296875 0.8828125
vt 0.3244140625 0.88671875
vt 0.3244140625 0.8828125
vt 0.3244140625 0.890625
vt 0.3279296875 0.89453125
vt 0.3244140625 0.89453125
vt 0.1056640625 0.671875
vt 0.1091796875 0.67578125
vt 0.1056640625 0.67578125
vt 0.3154296875 0.88510078125
vt 0.318191796875 0.887862890625
vt 0.3154296875 0.890625
vt 0.0544921875 0.6708984375
vt 0.0544921875 0.6748046875
vt 0.0509765625 0.6748046875
vt 0.3154296875 0.87338203125
vt 0.318191796875 0.876144140625
vt 0.3154296875 0.87890625
vt 0.3279296875 0.8828125
vt 0.3279296875 0.88671875
vt 0.3244140625 0.88671875
vt 0.3244140625 0.890625
vt 0.3279296875 0.890625
vt 0.3279296875 0.89453125
vt 0.1056640625 0.671875
vt 0.1091796875 0.671875
vt 0.1091796875 0.67578125
vt 0.03125 0.921875
vt 0 0.953125
vt 0 0.921875
vt 0.13671875 0.80859375
vt 0.12890625 0.83984375
vt 0.12890625 0.80859375
vt 0.06640625 0.921875
vt 0.03515625 0.953125
vt 0.03515625 0.921875
vt 0.10546875 0.8046875
vt 0.09765625 0.8359375
vt 0.09765625 0.8046875
vt 0.1875 0.93359375
vt 0.15625 0.94140625
vt 0.15625 0.93359375
vt 0.1953125 0.9609375
vt 0.1640625 0.96875
vt 0.1640625 0.9609375
vt 0.03125 0.921875
vt 0.03125 0.953125
vt 0 0.953125
vt 0.13671875 0.80859375
vt 0.13671875 0.83984375
vt 0.12890625 0.83984375
vt 0.06640625 0.921875
vt 0.06640625 0.953125
vt 0.03515625 0.953125
vt 0.10546875 0.8046875
vt 0.10546875 0.8359375
vt 0.09765625 0.8359375
vt 0.1875 0.93359375
vt 0.1875 0.94140625
vt 0.15625 0.94140625
vt 0.1953125 0.9609375
vt 0.1953125 0.96875
vt 0.1640625 0.96875
vt 0.1095828125 0.883064453125
vt 0.12890625 0.881569140625
vt 0.1178796875 0.890625
vt 0.21484375 0.724282421875
vt 0.203338671875 0.722492578125
vt 0.214329296875 0.7202124999999999
vt 0.1328125 0.921165234375
vt 0.1134890625 0.9196695312500001
vt 0.1217859375 0.912109375
vt 0.08224453125 0.727702734375
vt 0.09375 0.725912890625
vt 0.093235546875 0.7299828125000001
vt 0.27006875 0.8439124609374999
vt 0.2543453125 0.8451441015625
vt 0.256023046875 0.8414003515625
vt 0.27006875 0.805501171875
vt 0.2543453125 0.804269921875
vt 0.26839140625 0.8017578125
vt 0.17590859375 0.8173828125
vt 0.168156640625 0.831948046875
vt 0.1640625 0.82671953125
vt 0.302144921875 0.752134765625
vt 0.307581640625 0.7578125
vt 0.3011328125 0.756227734375
vt 0.1912929296875 0.85660859375
vt 0.1762097265625 0.8632013671875001
vt 0.1762097265625 0.856561171875
vt 0.3046875 0.79120234375
vt 0.297226171875 0.788694140625
vt 0.303675 0.787109375
vt 0.25233140625 1
vt 0.26524640625 0.993672578125
vt 0.267191640625 0.9974136328125
vt 0.2671916015625 0.96450078125
vt 0.2503865234375 0.965655078125
vt 0.2523314453125 0.9619140625
vt 0.1095828125 0.883064453125
vt 0.120609375 0.87400859375
vt 0.12890625 0.881569140625
vt 0.21484375 0.724282421875
vt 0.203853125 0.7265625
vt 0.203338671875 0.722492578125
vt 0.1328125 0.921165234375
vt 0.124515625 0.92872578125
vt 0.1134890625 0.9196695312500001
vt 0.08224453125 0.727702734375
vt 0.082758984375 0.7236328125
vt 0.09375 0.725912890625
vt 0.27006875 0.8439124609374999
vt 0.268391484375 0.84765625
vt 0.2543453515625 0.8451441015625
vt 0.27006875 0.805501171875
vt 0.256023046875 0.808013671875
vt 0.2543453125 0.804269921875
vt 0.17590859375 0.8173828125
vt 0.180002734375 0.822611328125
vt 0.168156640625 0.831948046875
vt 0.302144921875 0.752134765625
vt 0.30859375 0.75371953125
vt 0.307581640625 0.7578125
vt 0.1912929296875 0.85660859375
vt 0.191293046875 0.8632491015625
vt 0.1762098046875 0.863201328125
vt 0.3046875 0.79120234375
vt 0.298238671875 0.792787109375
vt 0.297226171875 0.788694140625
vt 0.25233140625 1
vt 0.250386484375 0.996259375
vt 0.26524625 0.99367265625
vt 0.2671916015625 0.96450078125
vt 0.2652462890625 0.96824140625
vt 0.2503865234375 0.965655078125
vt 0.12890625 0.881569140625
vt 0.1095828125 0.883064453125
vt 0.1178796875 0.890625
vt 0.203338671875 0.722492578125
vt 0.21484375 0.724282421875
vt 0.214329296875 0.7202124999999999
vt 0.1134890625 0.9196695312500001
vt 0.1328125 0.921165234375
vt 0.1217859375 0.912109375
vt 0.09375 0.725912890625
vt 0.08224453125 0.727702734375
vt 0.093235546875 0.7299828125000001
vt 0.2543453125 0.8451441015625
vt 0.27006875 0.8439124609374999
vt 0.256023046875 0.8414003515625
vt 0.2543453125 0.804269921875
vt 0.27006875 0.805501171875
vt 0.26839140625 0.8017578125
vt 0.168156640625 0.831948046875
vt 0.17590859375 0.8173828125
vt 0.1640625 0.82671953125
vt 0.307581640625 0.7578125
vt 0.302144921875 0.752134765625
vt 0.3011328125 0.756227734375
vt 0.1762097265625 0.8632013671875001
vt 0.1912929296875 0.85660859375
vt 0.1762097265625 0.856561171875
vt 0.297226171875 0.788694140625
vt 0.3046875 0.79120234375
vt 0.303675 0.787109375
vt 0.26524640625 0.993672578125
vt 0.25233140625 1
vt 0.267191640625 0.9974136328125
vt 0.2503865234375 0.965655078125
vt 0.2671916015625 0.96450078125
vt 0.2523314453125 0.9619140625
vt 0.120609375 0.87400859375
vt 0.1095828125 0.883064453125
vt 0.12890625 0.881569140625
vt 0.203853125 0.7265625
vt 0.21484375 0.724282421875
vt 0.203338671875 0.722492578125
vt 0.124515625 0.92872578125
vt 0.1328125 0.921165234375
vt 0.1134890625 0.9196695312500001
vt 0.082758984375 0.7236328125
vt 0.08224453125 0.727702734375
vt 0.09375 0.725912890625
vt 0.268391484375 0.84765625
vt 0.27006875 0.8439124609374999
vt 0.2543453515625 0.8451441015625
vt 0.256023046875 0.808013671875
vt 0.27006875 0.805501171875
vt 0.2543453125 0.804269921875
vt 0.180002734375 0.822611328125
vt 0.17590859375 0.8173828125
vt 0.168156640625 0.831948046875
vt 0.30859375 0.75371953125
vt 0.302144921875 0.752134765625
vt 0.307581640625 0.7578125
vt 0.191293046875 0.8632491015625
vt 0.1912929296875 0.85660859375
vt 0.1762098046875 0.863201328125
vt 0.298238671875 0.792787109375
vt 0.3046875 0.79120234375
vt 0.297226171875 0.788694140625
vt 0.250386484375 0.996259375
vt 0.25233140625 1
vt 0.26524625 0.99367265625
vt 0.2652462890625 0.96824140625
vt 0.2671916015625 0.96450078125
vt 0.2503865234375 0.965655078125
vt 0.2200431640625 0.8471460937499999
vt 0.2360115234375 0.85546875
vt 0.2190322265625 0.85091953125
vt 0.12109375 0.982421875
vt 0.1015625 1
vt 0.1015625 0.982421875
vt 0.2370224609375 0.835294140625
vt 0.2190322265625 0.836070703125
vt 0.2360115234375 0.8315210937499999
vt 0.1328125 0.935546875
vt 0.11328125 0.953125
vt 0.11328125 0.935546875
vt 0.2890625 0.765625
vt 0.26953125 0.76171875
vt 0.2890625 0.76171875
vt 0.078125 0.729492578125
vt 0.05859375 0.7255859375
vt 0.078125 0.7255859375
vt 0.2239498046875 0.96823984375
vt 0.2399177734375 0.9765625
vt 0.2229384765625 0.972012890625
vt 0.12109375 0.958984375
vt 0.1015625 0.9765625
vt 0.1015625 0.958984375
vt 0.2409287109375 0.921231640625
vt 0.2229384765625 0.9220078125
vt 0.2399173828125 0.9174585937499999
vt 0.08203125 0.880859375
vt 0.0625 0.8984375
vt 0.0625 0.880859375
vt 0.2890625 0.7734375
vt 0.26953125 0.76953125
vt 0.2890625 0.76953125
vt 0.2890625 0.78125
vt 0.26953125 0.77734375
vt 0.2890625 0.77734375
vt 0.2200431640625 0.8471460937499999
vt 0.2370224609375 0.851695703125
vt 0.2360115234375 0.85546875
vt 0.12109375 0.982421875
vt 0.12109375 1
vt 0.1015625 1
vt 0.2370224609375 0.835294140625
vt 0.2200431640625 0.83984375
vt 0.2190322265625 0.836070703125
vt 0.1328125 0.935546875
vt 0.1328125 0.953125
vt 0.11328125 0.953125
vt 0.2890625 0.765625
vt 0.26953125 0.765625
vt 0.26953125 0.76171875
vt 0.078125 0.729492578125
vt 0.05859375 0.729492578125
vt 0.05859375 0.7255859375
vt 0.2239498046875 0.96823984375
vt 0.2409287109375 0.9727890625
vt 0.2399177734375 0.9765625
vt 0.12109375 0.958984375
vt 0.12109375 0.9765625
vt 0.1015625 0.9765625
vt 0.2409287109375 0.921231640625
vt 0.2239494140625 0.92578125
vt 0.2229384765625 0.9220078125
vt 0.08203125 0.880859375
vt 0.08203125 0.8984375
vt 0.0625 0.8984375
vt 0.2890625 0.7734375
vt 0.26953125 0.7734375
vt 0.26953125 0.76953125
vt 0.2890625 0.78125
vt 0.26953125 0.78125
vt 0.26953125 0.77734375
vt 0.29296875 0.7421875
vt 0.30859375 0.7421875
vt 0.30859375 0.74609375
vt 0.29296875 0.74609375
vt 0.109375 0.9375
vt 0.109375 0.953125
vt 0.10546875 0.953125
vt 0.10546875 0.9375
vt 0.015625 0.84375
vt 0.01171875 0.84375
vt 0.01171875 0.8359375
vt 0.015625 0.8359375
vt 0.0234375 0.9140625
vt 0.0234375 0.91796875
vt 0.015625 0.91796875
vt 0.015625 0.9140625
vt 0.25390625 0.8828125
vt 0.25390625 0.8984375
vt 0.24609375 0.8984375
vt 0.24609375 0.8828125
vt 0.24609375 0.87109375
vt 0.26171875 0.87109375
vt 0.26171875 0.87890625
vt 0.24609375 0.87890625
vt 0.22265625 0.98046875
vt 0.22265625 1
vt 0.21484375 1
vt 0.21484375 0.98046875
vt 0.05078125 0.765625
vt 0.05078125 0.78515625
vt 0.04296875 0.78515625
vt 0.04296875 0.765625
vt 0.171875 0.8671875
vt 0.1640625 0.8671875
vt 0.1640625 0.8359375
vt 0.171875 0.8359375
vt 0.1484375 0.8359375
vt 0.140625 0.8359375
vt 0.140625 0.8046875
vt 0.1484375 0.8046875
vt 0.1015625 0.9375
vt 0.1015625 0.953125
vt 0.0703125 0.953125
vt 0.0703125 0.9375
vt 0.0703125 0.90234375
vt 0.0859375 0.90234375
vt 0.0859375 0.93359375
vt 0.0703125 0.93359375
vt 0.21875 0.75390625
vt 0.21875 0.76953125
vt 0.21484375 0.76953125
vt 0.21484375 0.75390625
vt 0.29296875 0.953125
vt 0.30859375 0.953125
vt 0.30859375 0.95703125
vt 0.29296875 0.95703125
vt 0.05859375 0.87890625
vt 0.05859375 0.8828125
vt 0.05078125 0.8828125
vt 0.05078125 0.87890625
vt 0.13671875 0.8828125
vt 0.1328125 0.8828125
vt 0.1328125 0.875
vt 0.13671875 0.875
vt 0.25390625 0.8125
vt 0.25390625 0.828125
vt 0.24609375 0.828125
vt 0.24609375 0.8125
vt 0.24609375 0.9140625
vt 0.26171875 0.9140625
vt 0.26171875 0.921875
vt 0.24609375 0.921875
vt 0.2421875 0.80859375
vt 0.2421875 0.82421875
vt 0.234375 0.82421875
vt 0.234375 0.80859375
vt 0.19921875 0.75390625
vt 0.19921875 0.76953125
vt 0.19140625 0.76953125
vt 0.19140625 0.75390625
vt 0.30078125 0.91015625
vt 0.29296875 0.91015625
vt 0.29296875 0.90234375
vt 0.30078125 0.90234375
vt 0.29296875 0.8125
vt 0.28515625 0.8125
vt 0.28515625 0.8046875
vt 0.29296875 0.8046875
vt 0.14453125 0.9140625
vt 0.14453125 0.9296875
vt 0.13671875 0.9296875
vt 0.13671875 0.9140625
vt 0.078125 0.95703125
vt 0.09375 0.95703125
vt 0.09375 0.96484375
vt 0.078125 0.96484375
vt 0.1484375 0.67578125
vt 0.1484375 0.6796875
vt 0.14453125 0.6796875
vt 0.14453125 0.67578125
vt 0.32421875 0.83984375
vt 0.32421875 0.84375
vt 0.3203125 0.84375
vt 0.3203125 0.83984375
vt 0.1015625 0.7421875
vt 0.09765625 0.7421875
vt 0.09765625 0.73828125
vt 0.1015625 0.73828125
vt 0.3203125 0.68359375
vt 0.31640625 0.68359375
vt 0.31640625 0.6796875
vt 0.3203125 0.6796875
vt 0.03125 0.859375
vt 0.03125 0.86328125
vt 0.02734375 0.86328125
vt 0.02734375 0.859375
vt 0.21484375 0.7890625
vt 0.21875 0.7890625
vt 0.21875 0.79296875
vt 0.21484375 0.79296875
vt 0.30078125 0.8671875
vt 0.30078125 0.875
vt 0.29296875 0.875
vt 0.29296875 0.8671875
vt 0.30078125 0.87890625
vt 0.30078125 0.88671875
vt 0.29296875 0.88671875
vt 0.29296875 0.87890625
vt 0.0546875 0.7109375
vt 0.046875 0.7109375
vt 0.046875 0.703125
vt 0.0546875 0.703125
vt 0.0234375 0.7109375
vt 0.015625 0.7109375
vt 0.015625 0.703125
vt 0.0234375 0.703125
vt 0.09765625 0.85546875
vt 0.09765625 0.86328125
vt 0.08984375 0.86328125
vt 0.08984375 0.85546875
vt 0.05859375 0.7109375
vt 0.06640625 0.7109375
vt 0.06640625 0.71875
vt 0.05859375 0.71875
vt 0.2109375 0.75390625
vt 0.2109375 0.76953125
vt 0.203125 0.76953125
vt 0.203125 0.75390625
vt 0.2421875 0.8828125
vt 0.2421875 0.8984375
vt 0.234375 0.8984375
vt 0.234375 0.8828125
vt 0.2109375 0.71484375
vt 0.203125 0.71484375
vt 0.203125 0.70703125
vt 0.2109375 0.70703125
vt 0.22265625 0.71484375
vt 0.21484375 0.71484375
vt 0.21484375 0.70703125
vt 0.22265625 0.70703125
vt 0.234375 0.984375
vt 0.234375 1
vt 0.2265625 1
vt 0.2265625 0.984375
vt 0.1640625 0.8046875
vt 0.1796875 0.8046875
vt 0.1796875 0.8125
vt 0.1640625 0.8125
vt 0.1875 0.75390625
vt 0.1875 0.76953125
vt 0.1796875 0.76953125
vt 0.1796875 0.75390625
vt 0.2421875 0.76171875
vt 0.2421875 0.77734375
vt 0.234375 0.77734375
vt 0.234375 0.76171875
vt 0.1875 0.71484375
vt 0.1796875 0.71484375
vt 0.1796875 0.70703125
vt 0.1875 0.70703125
vt 0.30078125 1
vt 0.29296875 1
vt 0.29296875 0.9921875
vt 0.30078125 0.9921875
vt 0.234375 0.9453125
vt 0.234375 0.9609375
vt 0.2265625 0.9609375
vt 0.2265625 0.9453125
vt 0.12890625 0.76171875
vt 0.14453125 0.76171875
vt 0.14453125 0.76953125
vt 0.12890625 0.76953125
vt 0.15625 0.67578125
vt 0.15625 0.6796875
vt 0.15234375 0.6796875
vt 0.15234375 0.67578125
vt 0.140625 0.67578125
vt 0.140625 0.6796875
vt 0.13671875 0.6796875
vt 0.13671875 0.67578125
vt 0.0390625 0.6796875
vt 0.03515625 0.6796875
vt 0.03515625 0.67578125
vt 0.0390625 0.67578125
vt 0.17578125 0.7578125
vt 0.171875 0.7578125
vt 0.171875 0.75390625
vt 0.17578125 0.75390625
vt 0.05078125 0.7578125
vt 0.05078125 0.76171875
vt 0.046875 0.76171875
vt 0.046875 0.7578125
vt 0.23828125 0.9296875
vt 0.2421875 0.9296875
vt 0.2421875 0.93359375
vt 0.23828125 0.93359375
vt 0.30078125 0.85546875
vt 0.30078125 0.86328125
vt 0.29296875 0.86328125
vt 0.29296875 0.85546875
vt 0.30078125 0.8203125
vt 0.30078125 0.828125
vt 0.29296875 0.828125
vt 0.29296875 0.8203125
vt 0.1015625 0.7109375
vt 0.09375 0.7109375
vt 0.09375 0.703125
vt 0.1015625 0.703125
vt 0.125 0.7109375
vt 0.1171875 0.7109375
vt 0.1171875 0.703125
vt 0.125 0.703125
vt 0.078125 0.7109375
vt 0.078125 0.71875
vt 0.0703125 0.71875
vt 0.0703125 0.7109375
vt 0.08203125 0.7109375
vt 0.08984375 0.7109375
vt 0.08984375 0.71875
vt 0.08203125 0.71875
vt 0.2421875 0.86328125
vt 0.2421875 0.87890625
vt 0.234375 0.87890625
vt 0.234375 0.86328125
vt 0.24609375 0.984375
vt 0.24609375 1
vt 0.23828125 1
vt 0.23828125 0.984375
vt 0.29296875 0.80078125
vt 0.28515625 0.80078125
vt 0.28515625 0.79296875
vt 0.29296875 0.79296875
vt 0.30078125 0.96875
vt 0.29296875 0.96875
vt 0.29296875 0.9609375
vt 0.30078125 0.9609375
vt 0.15625 0.75390625
vt 0.15625 0.76953125
vt 0.1484375 0.76953125
vt 0.1484375 0.75390625
vt 0.16015625 0.76171875
vt 0.17578125 0.76171875
vt 0.17578125 0.76953125
vt 0.16015625 0.76953125
vt 0.25 0.83203125
vt 0.25 0.84765625
vt 0.2421875 0.84765625
vt 0.2421875 0.83203125
vt 0 0.74609375
vt 0.015625 0.74609375
vt 0.015625 0.75390625
vt 0 0.75390625
vt 0.06640625 0.69921875
vt 0.06640625 0.70703125
vt 0.05859375 0.70703125
vt 0.05859375 0.69921875
vt 0.296875 0.7578125
vt 0.2890625 0.7578125
vt 0.2890625 0.75
vt 0.296875 0.75
vt 0.24609375 0.94921875
vt 0.24609375 0.96484375
vt 0.23828125 0.96484375
vt 0.23828125 0.94921875
vt 0.23828125 0.9375
vt 0.25390625 0.9375
vt 0.25390625 0.9453125
vt 0.23828125 0.9453125
vt 0.32421875 0.81640625
vt 0.32421875 0.8203125
vt 0.3203125 0.8203125
vt 0.3203125 0.81640625
vt 0.32908828125 0.849609375
vt 0.330078125 0.85023671875
vt 0.329659765625 0.850896484375
vt 0.3286703125 0.850269140625
vt 0.32421875 0.921875
vt 0.32421875 0.92578125
vt 0.3203125 0.92578125
vt 0.3203125 0.921875
vt 0.03125 0.7109375
vt 0.02734375 0.7109375
vt 0.02734375 0.70703125
vt 0.03125 0.70703125
vt 0.32421875 0.83203125
vt 0.32421875 0.8359375
vt 0.3203125 0.8359375
vt 0.3203125 0.83203125
vt 0.1796875 0.67578125
vt 0.18359375 0.67578125
vt 0.18359375 0.6796875
vt 0.1796875 0.6796875
vt 0.3125 0.703125
vt 0.3125 0.70703125
vt 0.3046875 0.70703125
vt 0.3046875 0.703125
vt 0.140625 0.70703125
vt 0.14453125 0.70703125
vt 0.14453125 0.71484375
vt 0.140625 0.71484375
vt 0.2890625 0.7109375
vt 0.2890625 0.71875
vt 0.28125 0.71875
vt 0.28125 0.7109375
vt 0.08984375 0.70703125
vt 0.08203125 0.70703125
vt 0.08203125 0.69921875
vt 0.08984375 0.69921875
vt 0.203125 0.859375
vt 0.203125 0.8671875
vt 0.19921875 0.8671875
vt 0.19921875 0.859375
vt 0.29296875 0.7734375
vt 0.30078125 0.7734375
vt 0.30078125 0.78125
vt 0.29296875 0.78125
vt 0.0546875 0.73828125
vt 0.0546875 0.75390625
vt 0.046875 0.75390625
vt 0.046875 0.73828125
vt 0.2421875 0.78515625
vt 0.2578125 0.78515625
vt 0.2578125 0.79296875
vt 0.2421875 0.79296875
vt 0.296875 0.7265625
vt 0.296875 0.734375
vt 0.2890625 0.734375
vt 0.2890625 0.7265625
vt 0.078125 0.70703125
vt 0.0703125 0.70703125
vt 0.0703125 0.69921875
vt 0.078125 0.69921875
vt 0.09765625 0.74609375
vt 0.09765625 0.76171875
vt 0.08984375 0.76171875
vt 0.08984375 0.74609375
vt 0.234375 0.796875
vt 0.25 0.796875
vt 0.25 0.8046875
vt 0.234375 0.8046875
vt 0.24609375 0.97265625
vt 0.26171875 0.97265625
vt 0.26171875 0.98046875
vt 0.24609375 0.98046875
vt 0.2421875 0.7421875
vt 0.2421875 0.7578125
vt 0.234375 0.7578125
vt 0.234375 0.7421875
vt 0.19921875 0.71484375
vt 0.19140625 0.71484375
vt 0.19140625 0.70703125
vt 0.19921875 0.70703125
vt 0.25 0.70703125
vt 0.25 0.71484375
vt 0.2421875 0.71484375
vt 0.2421875 0.70703125
vt 0.03125 0.74609375
vt 0.03125 0.76171875
vt 0.0234375 0.76171875
vt 0.0234375 0.74609375
vt 0.12890625 0.75
vt 0.14453125 0.75
vt 0.14453125 0.7578125
vt 0.12890625 0.7578125
vt 0.144949609375 0.6705875
vt 0.145939453125 0.671215234375
vt 0.14552109375 0.671875
vt 0.14453125 0.6712472656249999
vt 0.19140625 0.67578125
vt 0.19140625 0.6796875
vt 0.1875 0.6796875
vt 0.1875 0.67578125
vt 0.0859375 0.6796875
vt 0.08203125 0.6796875
vt 0.08203125 0.67578125
vt 0.0859375 0.67578125
vt 0.0625 0.67578125
vt 0.0625 0.6796875
vt 0.05859375 0.6796875
vt 0.05859375 0.67578125
vt 0.1640625 0.67578125
vt 0.1640625 0.6796875
vt 0.16015625 0.6796875
vt 0.16015625 0.67578125
vt 0.3203125 0.82421875
vt 0.32421875 0.82421875
vt 0.32421875 0.828125
vt 0.3203125 0.828125
vt 0.05859375 0.74609375
vt 0.0625 0.74609375
vt 0.0625 0.75390625
vt 0.05859375 0.75390625
vt 0.3125 0.6953125
vt 0.3125 0.69921875
vt 0.3046875 0.69921875
vt 0.3046875 0.6953125
vt 0.296875 0.83984375
vt 0.2890625 0.83984375
vt 0.2890625 0.83203125
vt 0.296875 0.83203125
vt 0.27734375 0.7109375
vt 0.27734375 0.71875
vt 0.26953125 0.71875
vt 0.26953125 0.7109375
vt 0.30078125 0.76171875
vt 0.30078125 0.76953125
vt 0.29296875 0.76953125
vt 0.29296875 0.76171875
vt 0.3046875 0.7109375
vt 0.3125 0.7109375
vt 0.3125 0.71484375
vt 0.3046875 0.71484375
vt 0.24609375 0.92578125
vt 0.26171875 0.92578125
vt 0.26171875 0.93359375
vt 0.24609375 0.93359375
vt 0.16796875 0.7421875
vt 0.16796875 0.7578125
vt 0.16015625 0.7578125
vt 0.16015625 0.7421875
vt 0.16796875 0.71484375
vt 0.16015625 0.71484375
vt 0.16015625 0.70703125
vt 0.16796875 0.70703125
vt 0.30078125 0.97265625
vt 0.30078125 0.98046875
vt 0.29296875 0.98046875
vt 0.29296875 0.97265625
vt 0.04296875 0.74609375
vt 0.04296875 0.76171875
vt 0.03515625 0.76171875
vt 0.03515625 0.74609375
vt 0.2421875 0.8515625
vt 0.2578125 0.8515625
vt 0.2578125 0.859375
vt 0.2421875 0.859375
vt 0.3125 0.94140625
vt 0.3125 0.94921875
vt 0.30859375 0.94921875
vt 0.30859375 0.94140625
vt 0.30859375 0.79296875
vt 0.31640625 0.79296875
vt 0.31640625 0.796875
vt 0.30859375 0.796875
vt 0.078125 0.82421875
vt 0.078125 0.83203125
vt 0.046875 0.83203125
vt 0.046875 0.82421875
vt 0.17578125 0.9296875
vt 0.16796875 0.9296875
vt 0.16796875 0.8984375
vt 0.17578125 0.8984375
vt 0.04296875 0.82421875
vt 0.04296875 0.83203125
vt 0.01171875 0.83203125
vt 0.01171875 0.82421875
vt 0.15234375 0.8046875
vt 0.16015625 0.8046875
vt 0.16015625 0.8359375
vt 0.15234375 0.8359375
vt 0.23046875 0.865234375
vt 0.23046875 0.8984375
vt 0.2265625 0.8984375
vt 0.2265625 0.865234375
vt 0.109375 0.740234375
vt 0.109375 0.7734375
vt 0.10546875 0.7734375
vt 0.10546875 0.740234375
vt 0.31640625 0.91796875
vt 0.31640625 0.9140625
vt 0.3212890625 0.9140625
vt 0.3212890625 0.91796875
vt 0.08984375 0.6796875
vt 0.08984375 0.68359375
vt 0.0947265625 0.68359375
vt 0.0947265625 0.6796875
vt 0.2080078125 0.791015625
vt 0.2080078125 0.82421875
vt 0.203125 0.82421875
vt 0.203125 0.791015625
vt 0.0986328125 0.767578125
vt 0.0986328125 0.80078125
vt 0.09375 0.80078125
vt 0.09375 0.767578125
vt 0.0595703125 0.7578125
vt 0.0595703125 0.78515625
vt 0.0546875 0.78515625
vt 0.0546875 0.7578125
vt 0.2275390625 0.75
vt 0.2275390625 0.77734375
vt 0.22265625 0.77734375
vt 0.22265625 0.75
vt 0.3203125 0.7578125
vt 0.3203125 0.7529296875
vt 0.3232421875 0.7529296875
vt 0.3232421875 0.7578125
vt 0.3203125 0.7412109375
vt 0.3203125 0.74609375
vt 0.3232421875 0.74609375
vt 0.3232421875 0.7412109375
vt 0.1123046875 0.70703125
vt 0.1123046875 0.734375
vt 0.109375 0.734375
vt 0.109375 0.70703125
vt 0.1435546875 0.71875
vt 0.1435546875 0.74609375
vt 0.140625 0.74609375
vt 0.140625 0.71875
vt 0.0712890625 0.74609375
vt 0.0712890625 0.7734375
vt 0.06640625 0.7734375
vt 0.06640625 0.74609375
vt 0.0830078125 0.74609375
vt 0.0830078125 0.7734375
vt 0.078125 0.7734375
vt 0.078125 0.74609375
vt 0.0234375 0.67578125
vt 0.0234375 0.6708984375
vt 0.0263671875 0.6708984375
vt 0.0263671875 0.67578125
vt 0.04296875 0.6708984375
vt 0.04296875 0.67578125
vt 0.0458984375 0.67578125
vt 0.0458984375 0.6708984375
vt 0.0107421875 0.703125
vt 0.0107421875 0.73046875
vt 0.0078125 0.73046875
vt 0.0078125 0.703125
vt 0.0029296875 0.703125
vt 0.0029296875 0.73046875
vt 0 0.73046875
vt 0 0.703125
vt 0.265625 0.708984375
vt 0.265625 0.7265625
vt 0.26171875 0.7265625
vt 0.26171875 0.708984375
vt 0.17578125 0.705078125
vt 0.17578125 0.72265625
vt 0.171875 0.72265625
vt 0.171875 0.705078125
vt 0.31640625 0.90234375
vt 0.31640625 0.8984375
vt 0.3212890625 0.8984375
vt 0.3212890625 0.90234375
vt 0.1171875 0.6796875
vt 0.1171875 0.68359375
vt 0.1220703125 0.68359375
vt 0.1220703125 0.6796875
vt 0.0517578125 0.716796875
vt 0.0517578125 0.734375
vt 0.046875 0.734375
vt 0.046875 0.716796875
vt 0.1650390625 0.720703125
vt 0.1650390625 0.73828125
vt 0.16015625 0.73828125
vt 0.16015625 0.720703125
vt 0.30859375 0.8662109375
vt 0.30859375 0.875
vt 0.3046875 0.875
vt 0.3046875 0.8662109375
vt 0.14453125 0.6865234375
vt 0.14453125 0.6953125
vt 0.140625 0.6953125
vt 0.140625 0.6865234375
vt 0.31640625 0.8515625
vt 0.31640625 0.84765625
vt 0.3212890625 0.84765625
vt 0.3212890625 0.8515625
vt 0.16796875 0.6796875
vt 0.16796875 0.68359375
vt 0.1728515625 0.68359375
vt 0.1728515625 0.6796875
vt 0.3095703125 0.9912109375
vt 0.3095703125 1
vt 0.3046875 1
vt 0.3046875 0.9912109375
vt 0.3056640625 0.7294921875
vt 0.3056640625 0.73828125
vt 0.30078125 0.73828125
vt 0.30078125 0.7294921875
vt 0.15234375 0.6865234375
vt 0.15234375 0.6953125
vt 0.1484375 0.6953125
vt 0.1484375 0.6865234375
vt 0.30859375 0.8193359375
vt 0.30859375 0.828125
vt 0.3046875 0.828125
vt 0.3046875 0.8193359375
vt 0.21875 0.68359375
vt 0.21875 0.6796875
vt 0.2236328125 0.6796875
vt 0.2236328125 0.68359375
vt 0.23046875 0.6796875
vt 0.23046875 0.68359375
vt 0.2353515625 0.68359375
vt 0.2353515625 0.6796875
vt 0.0634765625 0.6865234375
vt 0.0634765625 0.6953125
vt 0.05859375 0.6953125
vt 0.05859375 0.6865234375
vt 0.3095703125 0.9755859375
vt 0.3095703125 0.984375
vt 0.3046875 0.984375
vt 0.3046875 0.9755859375
vt 0.28125 0.794921875
vt 0.28125 0.8125
vt 0.27734375 0.8125
vt 0.27734375 0.794921875
vt 0.23828125 0.705078125
vt 0.23828125 0.72265625
vt 0.234375 0.72265625
vt 0.234375 0.705078125
vt 0.26953125 0.68359375
vt 0.26953125 0.6796875
vt 0.2744140625 0.6796875
vt 0.2744140625 0.68359375
vt 0.28125 0.6796875
vt 0.28125 0.68359375
vt 0.2861328125 0.68359375
vt 0.2861328125 0.6796875
vt 0.1025390625 0.716796875
vt 0.1025390625 0.734375
vt 0.09765625 0.734375
vt 0.09765625 0.716796875
vt 0.2705078125 0.916015625
vt 0.2705078125 0.93359375
vt 0.265625 0.93359375
vt 0.265625 0.916015625
vt 0.2880859375 0.7412109375
vt 0.2880859375 0.74609375
vt 0.2734375 0.74609375
vt 0.2734375 0.7412109375
vt 0.0302734375 0.7177734375
vt 0.0302734375 0.72265625
vt 0.015625 0.72265625
vt 0.015625 0.7177734375
vt 0.1171875 0.73046875
vt 0.1171875 0.7158203125
vt 0.1220703125 0.7158203125
vt 0.1220703125 0.73046875
vt 0.03515625 0.7080078125
vt 0.03515625 0.72265625
vt 0.0400390625 0.72265625
vt 0.0400390625 0.7080078125
vt 0.3212890625 0.9951171875
vt 0.3212890625 1
vt 0.31640625 1
vt 0.31640625 0.9951171875
vt 0.0048828125 0.6787109375
vt 0.0048828125 0.68359375
vt 0 0.68359375
vt 0 0.6787109375
vt 0.1171875 0.740234375
vt 0.1171875 0.7734375
vt 0.11328125 0.7734375
vt 0.11328125 0.740234375
vt 0.125 0.736328125
vt 0.125 0.76953125
vt 0.12109375 0.76953125
vt 0.12109375 0.736328125
vt 0.31640625 0.71484375
vt 0.31640625 0.7109375
vt 0.3212890625 0.7109375
vt 0.3212890625 0.71484375
vt 0.29296875 0.6796875
vt 0.29296875 0.68359375
vt 0.2978515625 0.68359375
vt 0.2978515625 0.6796875
vt 0.0166015625 0.759765625
vt 0.0166015625 0.79296875
vt 0.01171875 0.79296875
vt 0.01171875 0.759765625
vt 0.0048828125 0.759765625
vt 0.0048828125 0.79296875
vt 0 0.79296875
vt 0 0.759765625
vt 0.2919921875 0.9443359375
vt 0.2919921875 0.94921875
vt 0.27734375 0.94921875
vt 0.27734375 0.9443359375
vt 0.2919921875 0.9326171875
vt 0.2919921875 0.9375
vt 0.27734375 0.9375
vt 0.27734375 0.9326171875
vt 0.12890625 0.72265625
vt 0.12890625 0.7080078125
vt 0.1337890625 0.7080078125
vt 0.1337890625 0.72265625
vt 0.1484375 0.7080078125
vt 0.1484375 0.72265625
vt 0.1533203125 0.72265625
vt 0.1533203125 0.7080078125
vt 0.3212890625 0.9833984375
vt 0.3212890625 0.98828125
vt 0.31640625 0.98828125
vt 0.31640625 0.9833984375
vt 0.0166015625 0.6787109375
vt 0.0166015625 0.68359375
vt 0.01171875 0.68359375
vt 0.01171875 0.6787109375
vt 0.125 0.6728515625
vt 0.125 0.67578125
vt 0.12109375 0.67578125
vt 0.12109375 0.6728515625
vt 0.328125 0.8017578125
vt 0.328125 0.8046875
vt 0.32421875 0.8046875
vt 0.32421875 0.8017578125
vt 0.0078125 0.671875
vt 0.0078125 0.66796875
vt 0.009765625 0.66796875
vt 0.009765625 0.671875
vt 0.328125 0.98828125
vt 0.328125 0.9921875
vt 0.330078125 0.9921875
vt 0.330078125 0.98828125
vt 0.330078125 0.9267578125
vt 0.330078125 0.9296875
vt 0.328125 0.9296875
vt 0.328125 0.9267578125
vt 0.330078125 0.9345703125
vt 0.330078125 0.9375
vt 0.328125 0.9375
vt 0.328125 0.9345703125
vt 0.328125 0.7822265625
vt 0.328125 0.78515625
vt 0.32421875 0.78515625
vt 0.32421875 0.7822265625
vt 0.22265625 0.6728515625
vt 0.22265625 0.67578125
vt 0.21875 0.67578125
vt 0.21875 0.6728515625
vt 0.015625 0.671875
vt 0.015625 0.66796875
vt 0.017578125 0.66796875
vt 0.017578125 0.671875
vt 0.328125 0.98046875
vt 0.328125 0.984375
vt 0.330078125 0.984375
vt 0.330078125 0.98046875
vt 0.083984375 0.6689453125
vt 0.083984375 0.671875
vt 0.08203125 0.671875
vt 0.08203125 0.6689453125
vt 0.330078125 0.9189453125
vt 0.330078125 0.921875
vt 0.328125 0.921875
vt 0.328125 0.9189453125
vt 0.328125 0.7744140625
vt 0.328125 0.77734375
vt 0.32421875 0.77734375
vt 0.32421875 0.7744140625
vt 0.23046875 0.6728515625
vt 0.23046875 0.67578125
vt 0.2265625 0.67578125
vt 0.2265625 0.6728515625
vt 0.03125 0.671875
vt 0.03125 0.66796875
vt 0.033203125 0.66796875
vt 0.033203125 0.671875
vt 0.328125 0.96484375
vt 0.328125 0.96875
vt 0.330078125 0.96875
vt 0.330078125 0.96484375
vt 0.130859375 0.6689453125
vt 0.130859375 0.671875
vt 0.12890625 0.671875
vt 0.12890625 0.6689453125
vt 0.330078125 0.8994140625
vt 0.330078125 0.90234375
vt 0.328125 0.90234375
vt 0.328125 0.8994140625
vt 0.328125 0.7666015625
vt 0.328125 0.76953125
vt 0.32421875 0.76953125
vt 0.32421875 0.7666015625
vt 0.23828125 0.6728515625
vt 0.23828125 0.67578125
vt 0.234375 0.67578125
vt 0.234375 0.6728515625
vt 0.328125 0.9609375
vt 0.328125 0.95703125
vt 0.330078125 0.95703125
vt 0.330078125 0.9609375
vt 0.328125 0.94921875
vt 0.328125 0.953125
vt 0.330078125 0.953125
vt 0.330078125 0.94921875
vt 0.138671875 0.6689453125
vt 0.138671875 0.671875
vt 0.13671875 0.671875
vt 0.13671875 0.6689453125
vt 0.330078125 0.8681640625
vt 0.330078125 0.87109375
vt 0.328125 0.87109375
vt 0.328125 0.8681640625
vt 0.3232421875 0.9306640625
vt 0.3232421875 0.93359375
vt 0.31640625 0.93359375
vt 0.31640625 0.9306640625
vt 0.0771484375 0.6806640625
vt 0.0771484375 0.68359375
vt 0.0703125 0.68359375
vt 0.0703125 0.6806640625
vt 0.16796875 0.89453125
vt 0.16796875 0.8876953125
vt 0.19921875 0.8876953125
vt 0.19921875 0.89453125
vt 0.1796875 0.9931640625
vt 0.1796875 1
vt 0.2109375 1
vt 0.2109375 0.9931640625
vt 0.2890625 0.8837890625
vt 0.2890625 0.88671875
vt 0.2578125 0.88671875
vt 0.2578125 0.8837890625
vt 0.28515625 0.8330078125
vt 0.28515625 0.8359375
vt 0.25390625 0.8359375
vt 0.25390625 0.8330078125
vt 0.31640625 0.78515625
vt 0.31640625 0.7890625
vt 0.30859375 0.7890625
vt 0.30859375 0.78515625
vt 0.23046875 0.6875
vt 0.23046875 0.69140625
vt 0.22265625 0.69140625
vt 0.22265625 0.6875
vt 0.1953125 0.6796875
vt 0.1953125 0.671875
vt 0.197265625 0.671875
vt 0.197265625 0.6796875
vt 0.3203125 0.7890625
vt 0.3203125 0.796875
vt 0.322265625 0.796875
vt 0.322265625 0.7890625
vt 0.060546875 0.66796875
vt 0.060546875 0.671875
vt 0.05859375 0.671875
vt 0.05859375 0.66796875
vt 0.330078125 0.94140625
vt 0.330078125 0.9453125
vt 0.328125 0.9453125
vt 0.328125 0.94140625
vt 0.25390625 0.6728515625
vt 0.25390625 0.67578125
vt 0.25 0.67578125
vt 0.25 0.6728515625
vt 0.26171875 0.6728515625
vt 0.26171875 0.67578125
vt 0.2578125 0.67578125
vt 0.2578125 0.6728515625
vt 0.26953125 0.69140625
vt 0.26953125 0.6875
vt 0.27734375 0.6875
vt 0.27734375 0.69140625
vt 0.28125 0.6875
vt 0.28125 0.69140625
vt 0.2890625 0.69140625
vt 0.2890625 0.6875
vt 0.0546875 0.6806640625
vt 0.0546875 0.68359375
vt 0.046875 0.68359375
vt 0.046875 0.6806640625
vt 0.32421875 0.9658203125
vt 0.32421875 0.96875
vt 0.31640625 0.96875
vt 0.31640625 0.9658203125
vt 0.26953125 0.6728515625
vt 0.26953125 0.67578125
vt 0.265625 0.67578125
vt 0.265625 0.6728515625
vt 0.27734375 0.6728515625
vt 0.27734375 0.67578125
vt 0.2734375 0.67578125
vt 0.2734375 0.6728515625
vt 0.29296875 0.69140625
vt 0.29296875 0.6875
vt 0.30078125 0.6875
vt 0.30078125 0.69140625
vt 0.3046875 0.6875
vt 0.3046875 0.69140625
vt 0.3125 0.69140625
vt 0.3125 0.6875
vt 0.32421875 0.9384765625
vt 0.32421875 0.94140625
vt 0.31640625 0.94140625
vt 0.31640625 0.9384765625
vt 0.32421875 0.9462890625
vt 0.32421875 0.94921875
vt 0.31640625 0.94921875
vt 0.31640625 0.9462890625
vn 0 0.20791482211170217 -0.9781469351514931
vn 1 0 0
vn 0 -0.20790902349522158 0.978148167686912
vn -1 0 0
vn 0 0.978149649689522 0.20790205100543258
vn 0 -0.9781505141379402 -0.20789798385670694
vn 0.018499245219959406 0.17841463376619301 -0.9837814779636621
vn 0.9557530606982035 0.2788205045168774 0.09378279814001157
vn -0.0184976856718164 -0.1784144385148842 0.9837815426984822
vn -0.9557526478728513 -0.2788195926686803 -0.09378971600396756
vn -0.2807307419084294 0.9335985943422505 0.22267446011996328
vn 0.28072296407516645 -0.9335978968626151 -0.22268718960585687
vn 0.0870230370575819 -0.06976144148400283 -0.9937607017302248
vn 0.9574824228695357 0.28128298622290027 0.06408815457954585
vn -0.08702198640740905 0.06975997729702875 0.9937608965184869
vn -0.9574834498130802 -0.2812816436516572 -0.064078703784212
vn -0.27505785653406717 0.9570860562844233 -0.09126585574471092
vn 0.2750584106982056 -0.9570838064909596 0.09128777605437081
vn 0 0 -1
vn 1 0 0
vn 0 0 1
vn -1 0 0
vn 0 1 0
vn 0 -1 0
vn -0.018499500507118478 0.17841377212154497 -0.9837816294271552
vn 0.9557529749443506 -0.27881982564030355 -0.09378569035270873
vn 0.01850218565699971 -0.17841430080168735 0.9837814830516781
vn -0.9557530516032591 0.27881926244905914 0.09378658346704262
vn 0.2807316783343947 0.9335977830824985 0.2226766808693674
vn -0.2807229126446518 -0.9336030810146305 -0.2226655191903151
vn -0.0870224400543944 -0.06975936417995096 -0.993760899832645
vn 0.9574833279010593 -0.2812811477955477 -0.06408270192752544
vn 0.08701897191295556 0.06976263571987885 0.9937609738687808
vn -0.9574824228695357 0.2812829862228999 0.06408815457954456
vn 0.27505761718583455 0.957085864412966 -0.09126858916920265
vn -0.27505210785842593 -0.9570874828909083 0.09126822040657058
vn 0 0 -1
vn 1 0 0
vn 0 0 1
vn -1 0 0
vn 0 1 0
vn 0 -1 0
vn 0 0 -1
vn 1 0 0
vn 0 0 1
vn -1 0 0
vn 0 1 0
vn 0 -1 0
vn 1 0 0
vn 0 0 1
vn -1 0 0
vn 0 0 -1
vn 0 1 0
vn 0 -1 0
vn 0 0.20791482211170217 -0.9781469351514931
vn 1 0 0
vn 0 -0.20790902349522158 0.978148167686912
vn -1 0 0
vn 0 0.978149649689522 0.20790205100543258
vn 0 -0.9781505141379402 -0.20789798385670694
vn 0.018502113006690586 0.17841454600272183 -0.9837814399494078
vn 0.9557530516032591 0.27881926244905914 0.09378658346704262
vn -0.01850218565699971 -0.17841430080168735 0.9837814830516781
vn -0.9557529749443506 -0.27881982564030355 -0.09378569035270873
vn -0.2807316783343947 0.9335977830824985 0.2226766808693674
vn 0.2807316498351866 -0.9336006512779119 -0.22266469121590235
vn 0.08701801266003147 -0.06976066483210014 -0.9937611962211456
vn 0.9574824228695357 0.2812829862228999 0.06408815457954456
vn -0.08701897191295556 0.06976263571987885 0.9937609738687808
vn -0.9574833279010593 -0.2812811477955477 -0.06408270192752544
vn -0.27505647213050405 0.9570862007992875 -0.0912685125259945
vn 0.27505210785842593 -0.9570874828909083 0.09126822040657058
vn 0 0 -1
vn 1 0 0
vn 0 0 1
vn -1 0 0
vn 0 1 0
vn 0 -1 0
vn -0.018501857712426288 0.17841540764266312 -0.9837812884868727
vn 0.9557526478728513 -0.2788195926686803 -0.09378971600396756
vn 0.0184976856718164 -0.1784144385148842 0.9837815426984822
vn -0.9557530606982035 0.2788205045168774 0.09378279814001157
vn 0.2807307419084294 0.9335985943422505 0.22267446011996328
vn -0.2807317013141871 -0.9335954671314372 -0.22268636156908217
vn -0.08701860965629243 -0.06976274214156962 -0.9937609981189516
vn 0.9574834498130802 -0.2812816436516572 -0.064078703784212
vn 0.08702198640740905 0.06975997729702875 0.9937608965184869
vn -0.9574824228695357 0.28128298622290027 0.06408815457954585
vn 0.2750567114767438 0.9570863926702388 -0.09126577911281523
vn -0.2750584106982056 -0.9570838064909596 0.09128777605437081
vn 0 0 -1
vn 1 0 0
vn 0 0 1
vn -1 0 0
vn 0 1 0
vn 0 -1 0
vn 0 0 -1
vn 1 0 0
vn 0 0 1
vn -1 0 0
vn 0 1 0
vn 0 -1 0
vn 1 0 0
vn 0 0 1
vn -1 0 0
vn 0 0 -1
vn 0 1 0
vn 0 -1 0
vn 1 0 0
vn 0 0.2513818999237679 0.9678879792572677
vn -1 0 0
vn 0 -0.2513818999237679 -0.9678879792572677
vn 0 0.9638494048310016 -0.26644760236662746
vn 0 -0.9638494048310016 0.26644760236662746
vn 1 0 0
vn 0 0.2513818999237679 0.9678879792572677
vn -1 0 0
vn 0 -0.2513818999237679 -0.9678879792572677
vn 0 0.9638494048310016 -0.26644760236662746
vn 0 -0.9638494048310016 0.26644760236662746
vn 0 0 -1
vn 1 0 0
vn 0 0 1
vn -1 0 0
vn 0 1 0
vn 0 -1 0
vn 0 0 -1
vn 1 0 0
vn 0 0 1
vn -1 0 0
vn 0 1 0
vn 0 -1 0
vn 0 0 -1
vn 1 0 0
vn 0 0 1
vn -1 0 0
vn 0 1 0
vn 0 -1 0
vn 0 0 -1
vn 1 0 0
vn 0 0 1
vn -1 0 0
vn 0 1 0
vn 0 -1 0
vn 0 0 -1
vn 1 0 0
vn 0 0 1
vn -1 0 0
vn 0 1 0
vn 0 -1 0
vn 0 0 -1
vn 1 0 0
vn 0 0 1
vn -1 0 0
vn 0 1 0
vn 0 -1 0
vn 0 0 -1
vn 0.5586571025325435 -0.8293987230457635 0
vn 0 0 1
vn -0.5586338091774573 0.8294144122475111 0
vn 0.5586396774756137 0.8294104597543622 0
vn -0.5586512342174256 -0.829402675729556 0
vn 0 0 -1
vn 0.5586571025325435 -0.8293987230457635 0
vn 0 0 1
vn -0.5586338091774573 0.8294144122475111 0
vn 0.5586396774756137 0.8294104597543622 0
vn -0.5586512342174256 -0.829402675729556 0
vn 0 0 -1
vn 0.5586571025325434 -0.8293987230457636 0
vn 0 0 1
vn -0.5586338091774573 0.8294144122475111 0
vn 0.5586396774756135 0.8294104597543622 0
vn -0.5586512342174256 -0.829402675729556 0
vn 0 0 -1
vn 0.5586571025325434 -0.8293987230457636 0
vn 0 0 1
vn -0.5586338091774573 0.8294144122475111 0
vn 0.5586396774756135 0.8294104597543622 0
vn -0.5586512342174256 -0.829402675729556 0
vn 0 0 -1
vn 1 0 0
vn 0 0 1
vn -1 0 0
vn 0 1 0
vn 0 -1 0
vn 0 0 -1
vn 1 0 0
vn 0 0 1
vn -1 0 0
vn 0 1 0
vn 0 -1 0
vn 0 0 -1
vn 0.707111781110755 -0.7071017812269855 0
vn 0 0 1
vn -0.7070967811613593 0.7071167810703157 0
vn 0.7071017811562753 0.7071117811814643 0
vn -0.7071067811865474 -0.7071067811865477 0
vn 0 0 -1
vn 0.707111781110755 -0.7071017812269855 0
vn 0 0 1
vn -0.7070967811613593 0.7071167810703157 0
vn 0.7071017811562753 0.7071117811814643 0
vn -0.7071067811865474 -0.7071067811865477 0
vn 0 0 -1
vn 0.7071117811107549 -0.7071017812269857 0
vn 0 0 1
vn -0.7070967811613594 0.7071167810703155 0
vn 0.7071017811562752 0.7071117811814644 0
vn -0.7071067811865475 -0.7071067811865476 0
vn 0 0 -1
vn 0.7071117811107549 -0.7071017812269857 0
vn 0 0 1
vn -0.7070967811613594 0.7071167810703155 0
vn 0.7071017811562752 0.7071117811814644 0
vn -0.7071067811865475 -0.7071067811865476 0
vn 0 0 -1
vn 1 0 0
vn 0 0 1
vn -1 0 0
vn 0 1 0
vn 0 -1 0
vn 0 0 -1
vn 1 0 0
vn 0 0 1
vn -1 0 0
vn 0 1 0
vn 0 -1 0
vn -0.2717488790548601 0.9376116524406451 -0.21688000355023593
vn 0.962910364577468 0.25793147015625695 0.07921481232900746
vn 0.27174976989045796 -0.9376128392631864 0.21687375639599532
vn -0.9629104729699166 -0.25793103534109757 -0.07921491054543547
vn -0.13329116432995772 0.16607967752759445 0.977062437218776
vn 0.13328908612414556 -0.16609270772935286 -0.9770605057821763
vn 0.2922986501303739 -0.9345295525657026 -0.2030172763912202
vn 0.9586101752062786 0.27760572358464763 0.06325815539542919
vn -0.29229401305324626 0.9345307262822863 0.2030185498114183
vn -0.9586094215389422 -0.27760936377355244 -0.06325360133635112
vn 0.002834917473546598 0.21311750065831336 -0.9770224634859079
vn -0.00283777885458132 -0.21310837610276442 0.9770244454700278
vn -0.27174518764420424 0.937613541198165 -0.21687646334734698
vn 0.9629110929395394 0.25792885450490116 0.07921447536764543
vn 0.27175321801840324 -0.9376110749722486 0.2168770633009092
vn -0.9629110726985248 -0.25792888163405686 -0.07921463307736125
vn -0.1332890861241453 0.16609270772935292 0.9770605057821763
vn 0.1332888030058134 -0.1660944828472512 -0.9770602426467785
vn 0.29229810207380286 -0.9345295528125211 -0.20301806432946323
vn 0.9586094027244683 0.2776079130358626 0.06326025314611987
vn -0.2922979656952197 0.9345283812214782 0.2030236536514888
vn -0.9586111513239038 -0.27760287472215495 -0.06325586536800382
vn 0.0028418912427252844 0.21310956695791608 -0.9770241737670435
vn -0.002838053071347512 -0.21311061359132413 0.9770239566302833
vn 0.2717488790548601 0.9376116524406451 -0.21688000355023593
vn -0.962910364577468 0.25793147015625695 0.07921481232900746
vn -0.27174976989045796 -0.9376128392631863 0.21687375639599538
vn 0.9629104729699166 -0.2579310353410975 -0.07921491054543546
vn 0.13329116432995766 0.16607967752759445 0.977062437218776
vn -0.13328908612414556 -0.16609270772935283 -0.9770605057821763
vn -0.2922986501303739 -0.9345295525657026 -0.20301727639122014
vn -0.9586101752062786 0.2776057235846476 0.06325815539542917
vn 0.2922940130532463 0.9345307262822863 0.20301854981141826
vn 0.9586094215389422 -0.27760936377355244 -0.06325360133635113
vn -0.0028349174735466105 0.21311750065831336 -0.9770224634859079
vn 0.00283777885458132 -0.21310837610276442 0.9770244454700278
vn 0.27174518764420424 0.937613541198165 -0.216876463347347
vn -0.9629110929395394 0.25792885450490116 0.07921447536764545
vn -0.27175321801840324 -0.9376110749722486 0.2168770633009092
vn 0.9629110726985248 -0.25792888163405686 -0.07921463307736125
vn 0.1332890861241453 0.1660927077293529 0.9770605057821763
vn -0.1332888030058134 -0.1660944828472512 -0.9770602426467785
vn -0.2922981020738028 -0.9345295528125211 -0.20301806432946323
vn -0.9586094027244683 0.2776079130358626 0.06326025314611987
vn 0.2922979656952197 0.9345283812214782 0.2030236536514888
vn 0.9586111513239038 -0.277602874722155 -0.06325586536800382
vn -0.0028418912427252835 0.21310956695791605 -0.9770241737670435
vn 0.002838053071347516 -0.2131106135913242 0.9770239566302833
vn 0 0 -1
vn 0.9999999999989609 0.0000014416467298378974 0
vn 0 0 1
vn -0.9999999999997516 7.048536629469384e-7 0
vn 0.000002430327788799826 0.9999999999970468 0
vn 1.5787506721049643e-7 -0.9999999999999876 0
vn 0 0 -1
vn 0.9999999999989609 0.0000014416467290484057 0
vn 0 0 1
vn -0.9999999999997516 7.048536621574475e-7 0
vn 0.000002430327788799813 0.9999999999970468 0
vn 1.5787506543414748e-7 -0.9999999999999876 0
vn 0 0 -1
vn 0.9999999999989609 0.0000014416467298378974 0
vn 0 0 1
vn -0.9999999999997516 7.048536629469384e-7 0
vn 0.000002430327788799826 0.9999999999970468 0
vn 1.5787506721049643e-7 -0.9999999999999876 0
vn 0 0 -1
vn 0.9999999999989609 0.0000014416467290484057 0
vn 0 0 1
vn -0.9999999999997516 7.048536621574475e-7 0
vn 0.000002430327788799813 0.9999999999970468 0
vn 1.5787506543414748e-7 -0.9999999999999876 0
vn 0.4848127956570078 -4.3647638716542725e-7 -0.8746179469728745
vn -0.4848076952283782 -3.253633423751573e-7 0.8746207741914447
vn 0.000002231370293290263 0.999999999994171 0.0000025844300759566442
vn 0.000004910822512269095 -0.9999999999869974 0.0000013745547697176896
vn 0.8746187745334115 5.869727115561279e-7 0.48481130270789774
vn -0.8746199862112526 0.0000012904842292794328 -0.4848091167853209
vn 0.9999999999989609 0.0000014416467298378976 0
vn -0.9999999999991808 0.0000012800092354779254 0
vn -2.148995831872863e-7 0.9999999999999769 0
vn -6.580718322747858e-7 -0.9999999999997836 0
vn 0 0 1
vn 0 0 -1
vn 0.48481279565916346 3.2536676498509717e-7 0.8746179469717281
vn -0.48480496436220044 -6.04210089820933e-7 -0.8746222879217065
vn 0.0000036748170242454366 0.9999999999932478 1.9594462382221865e-8
vn 2.362547848992139e-7 -0.9999999999939289 0.0000034765992085441466
vn -0.8746186582293592 0.0000012904822698688124 0.484811512523589
vn 0.8746195533724045 5.869732342492699e-7 -0.48480989764887356
vn 0.9999999999998203 -5.995944413849593e-7 0
vn -0.9999999999999929 -1.1934752893295224e-7 0
vn 0.00000492599091510594 0.9999999999878675 0
vn 7.55932874258155e-7 -0.9999999999997143 0
vn 0 0 1
vn 0 0 -1
vn 0.9999999999296907 -0.000011858275297027654 0
vn -0.9999999997901592 0.00002048614191992132 0
vn -0.00000424033050751003 0.99999999999101 0
vn -0.000011858275285185476 -0.9999999999296907 0
vn 0 0 1
vn 0 0 -1
vn 0.9999999999997516 -7.048536637364306e-7 0
vn -0.9999999999997516 7.048536613679556e-7 0
vn 7.048536637364272e-7 0.9999999999997516 0
vn -7.048536613679556e-7 -0.9999999999997516 0
vn 0 0 1
vn 0 0 -1
vn 0.9999999999999929 1.1934752991981524e-7 0
vn -0.9999999999999929 -1.1934752893295224e-7 0
vn -3.6206030927077416e-7 0.9999999999999345 0
vn 3.6206031009698634e-7 -0.9999999999999345 0
vn 0 0 1
vn 0 0 -1
vn 0.9999999999960733 0.000002802471505384078 0
vn -0.9999999999998203 5.99594441384959e-7 0
vn -7.559328732132381e-7 0.9999999999997143 0
vn -0.000003403504992504095 -0.9999999999942081 0
vn 0 0 1
vn 0 0 -1
vn 0.9999999997901592 -0.00002048614193176395 0
vn -0.9999999999296907 0.000011858275297027654 0
vn 0.000011858275285185405 0.9999999999296907 0
vn 0.00000424033050751003 -0.99999999999101 0
vn 0 0 1
vn 0 0 -1
vn 0.9999999999997516 -7.048536637364298e-7 0
vn -0.9999999999997516 7.048536613679573e-7 0
vn 7.04853662552194e-7 0.9999999999997516 0
vn -7.048536637364323e-7 -0.9999999999997516 0
vn 0 0 1
vn 0 0 -1
vn 0.9999999999999929 1.1934752893295234e-7 0
vn -0.9999999999998203 5.99594441384959e-7 0
vn -3.6206030927077357e-7 0.9999999999999345 0
vn -0.000004130614553947467 -0.9999999999914692 0
vn 0 0 1
vn 0 0 -1
vn 0.9063088014359252 0.0000018883272101261806 0.4226160863433986
vn -0.9063088014352689 -1.0816571590148589e-7 -0.4226160863490109
vn 0.000002639495264072618 0.9999999999943247 -0.000002093777929067075
vn 8.470988159361063e-8 -0.9999999999929716 -0.000003748292820010435
vn -0.4226186207065279 -5.043848764531043e-8 0.9063076196480472
vn 0.4226186207060999 -2.533997762182693e-7 -0.9063076196482129
vn 0.9063111977905507 0.000018433531590510978 0.4226109468762755
vn -0.9062926986683197 -0.00001843315534620575 -0.4226506169411248
vn 0.000008989031074522943 0.999999999750079 -0.000020470450370666998
vn -0.0000035197767991162324 -0.9999999999555971 0.00000874168056963798
vn -0.4226145770403201 0.000005011479999433372 0.9063095052176803
vn 0.4226207432037516 -0.000008657868525391452 -0.9063066298659358
vn 0.906307567068394 -6.38814206973801e-7 0.4226187334633433
vn -0.9063066740311551 0.000002202622294005877 -0.4226206485747406
vn -0.000003708817956394698 0.9999999999929202 6.358664222152765e-7
vn -0.0000021273444270244694 -0.9999999999921014 -0.000003357317335000304
vn -0.4226197814615094 2.978851013307078e-7 0.9063070783775978
vn 0.4226143054910635 -2.978812405719258e-7 -0.9063096318555914
vn 0.906307567068358 -5.434169793994114e-7 0.42261873346355394
vn -0.9063094169150834 5.434180894516303e-7 -0.42261476643717316
vn 7.506114708085632e-7 0.999999999996032 0.000002715335339941763
vn -0.0000018416381433228543 -0.999999999993107 -0.000003224090125887024
vn -0.4226193593154761 2.5340021908434614e-7 0.9063072752282817
vn 0.4226176385203356 5.043837084088206e-8 -0.906308077648816
vn 0.9063068542240149 0.000002539899133659855 -0.42262026215045523
vn -0.9063093231869699 5.43418032805572e-7 0.42261496743972665
vn -0.0000030857775872598687 0.9999999999899236 0.00000326049415581231
vn 8.888402165769436e-7 -0.999999999997856 0.0000018703017925842116
vn 0.4226164444096495 -2.5339847048888136e-7 0.9063086344697823
vn -0.42261920384776896 2.534001258667731e-7 -0.9063073477242771
vn 0.9063111977905499 0.00001843353159587739 -0.4226109468762772
vn -0.9063111976165518 0.00001074728767613884 0.4226109475147891
vn 0.000008989031071839759 0.999999999750079 0.000020470450371918262
vn -0.000005079409272454738 -0.9999999997385998 -0.000022293498543578268
vn 0.4226207431960917 0.000008595715069506127 0.9063066298700992
vn -0.42262074321261806 0.0000050115531145972645 -0.9063066298892991
vn 0.9063061783597613 -6.388132302839978e-7 -0.42262171154179573
vn -0.9063075670683931 6.388142091203655e-7 0.42261873346334555
vn -0.0000016677442588961348 0.9999999999916109 0.000003741280138380849
vn 0.0000037088231434256838 -0.9999999999929202 6.358675124420018e-7
vn 0.42261912056712037 -0.0000010271029912939965 0.9063073865582355
vn -0.42261430548221196 -0.000002423547207554453 -0.9063096318565274
vn 0.9063075670683581 -5.434169802938149e-7 -0.42261873346355383
vn -0.9063094169150839 5.434180885572254e-7 0.4226147664371718
vn -0.0000022301198663388868 0.999999999996635 -0.000001325395603698169
vn -0.000002791690921357991 -0.9999999999947226 -0.0000016617815293112032
vn 0.4226180996047854 5.043842587017177e-8 0.9063078626418493
vn -0.42261982040451057 2.5340049555076886e-7 -0.9063070602181111
vn 0.9999999999992677 4.796712697128519e-7 0.0000011111130856745626
vn -0.9999999999992677 -4.7967126957329e-7 -0.0000011111130872097666
vn 2.7035734501199753e-7 0.70710633724943 0.7071072251233348
vn -2.703573450119981e-7 -0.7071063372494313 -0.7071072251233335
vn -2.7035765291216724e-7 -0.7071071425224617 0.7071064198503972
vn 2.703576529121668e-7 0.7071071425224608 -0.707106419850398
vn 0.9986295380851533 0.05233589268940387 -4.866502944292173e-7
vn -0.9986295380851533 -0.0523358926894039 4.866502944292173e-7
vn -0.05220837338359954 0.9961969704495945 0.06975587298348544
vn 0.05220837338359956 -0.9961969704495943 -0.06975587298348897
vn 0.0036512206824682886 -0.06966024980900531 0.9975640922688
vn -0.003651220682468719 0.06966024980900529 -0.9975640922688
vn 0.9986295347965499 0.052335955436880285 7.317060124241071e-7
vn -0.9986295347965499 -0.0523359554368802 -7.317060136929329e-7
vn -0.0520493337274902 0.9931590053005563 0.1045277812303208
vn 0.052049333727490175 -0.9931590053005563 -0.10452778123032076
vn 0.005469834599970728 -0.10438456762816177 0.99452196705278
vn -0.005469834599970262 0.10438456762816184 -0.99452196705278
vn 0.9986295347965499 -0.05233595543688032 -7.317060124241071e-7
vn -0.9986295347965499 0.05233595543688027 7.31706012424107e-7
vn 0.052049333727490175 0.9931590053005563 0.10452778123032076
vn -0.052049333727490155 -0.9931590053005559 -0.10452778123032583
vn -0.005469834599970731 -0.10438456762816184 0.99452196705278
vn 0.005469834599970255 0.10438456762816185 -0.99452196705278
vn 0.9986295509912226 0.052335646427835066 2.227965658781664e-7
vn -0.9986295509912229 -0.05233564642783493 -2.2279656610196172e-7
vn -0.009537643254482992 0.18198596912457443 0.9832548705208329
vn 0.009537643254483528 -0.1819859691245744 -0.9832548705208329
vn 0.05145923870617733 -0.9819073719831062 0.18223572535869748
vn -0.05145923870617445 0.9819073719831065 -0.1822357253586975
vn 0.9986295496356026 0.05233567228878816 8.210975552195859e-7
vn -0.9986295496356026 -0.0523356722887873 -8.210975549610285e-7
vn 0.015300701322964147 -0.291971365273848 0.9563046640057502
vn -0.015300701322964232 0.29197136527384876 -0.9563046640057499
vn 0.050049087240617796 -0.95499408336712 -0.2923720055001425
vn -0.05004908724061785 0.95499408336712 0.29237200550014253
vn 0.9986295496356026 -0.052335672288787424 -8.210975545724004e-7
vn -0.9986295496356026 0.052335672288788215 8.210975550284437e-7
vn -0.01530070132296415 -0.291971365273848 0.9563046640057503
vn 0.015300701322964181 0.29197136527384876 -0.9563046640057499
vn -0.05004908724061789 -0.9549940833671202 -0.2923720055001425
vn 0.05004908724061785 0.95499408336712 0.2923720055001425
vn 0.9986295509912226 -0.052335646427834885 -2.227965659121887e-7
vn -0.9986295509912226 0.05233564642783508 2.2279656597494304e-7
vn 0.00953764325448296 0.18198596912457377 0.9832548705208329
vn -0.00953764325448349 -0.18198596912457377 -0.9832548705208329
vn -0.05145923870617735 -0.9819073719831062 0.18223572535869748
vn 0.05145923870617439 0.9819073719831065 -0.18223572535869753
vn 0.9986295722427242 0.052335240919621016 -4.4593132419264e-7
vn -0.9986295722427244 -0.052335240919620905 4.459313238568759e-7
vn 0.0022832519782861305 -0.043559127643912364 0.9990482416576815
vn -0.0022832519782861565 0.04355912764391237 -0.9990482416576815
vn 0.052285410993098226 -0.9976791192346299 -0.04361892754867105
vn -0.05228541099309822 0.9976791192346299 0.043618927548671006
vn 0.9986295380851533 -0.0523358926894039 4.866502944292173e-7
vn -0.9986295380851533 0.05233589268940385 -4.86650294429217e-7
vn 0.05220837338359958 0.9961969704495948 0.0697558729834855
vn -0.052208373383599564 -0.9961969704495945 -0.06975587298348543
vn -0.003651220682468375 -0.06966024980900525 0.9975640922688
vn 0.00365122068246872 0.06966024980900531 -0.9975640922688
vn 0.9986295722427244 -0.052335240919620926 4.459313245385029e-7
vn -0.9986295722427244 0.0523352409196209 -4.459313238568756e-7
vn -0.0022832519782861565 -0.043559127643912614 0.9990482416576815
vn 0.002283251978286132 0.04355912764391237 -0.9990482416576815
vn -0.052285410993098275 -0.9976791192346299 -0.043618927548671034
vn 0.052285410993098226 0.9976791192346299 0.04361892754867102
vn 0.748955720789002 0 0.6626200482157377
vn -0.748955720789002 0 -0.6626200482157377
vn 0 1 0
vn 0 -1 0
vn -0.6626200482157366 0 0.748955720789003
vn 0.6626200482157366 0 -0.748955720789003
vn 1 0 0
vn -1 0 0
vn 0 1 0
vn 0 -1 0
vn 0 0 1
vn 0 0 -1
vn 0.748955720789002 0 -0.6626200482157377
vn -0.748955720789002 0 0.6626200482157377
vn 0 1 0
vn 0 -1 0
vn 0.6626200482157366 0 0.748955720789003
vn -0.6626200482157366 0 -0.748955720789003
vn 1 0 0
vn -1 0 0
vn 0 1 0
vn 0 -1 0
vn 0 0 1
vn 0 0 -1
vn -1 0 0
vn 1 0 0
vn -2.220446049250313e-16 1 0
vn 2.220446049250313e-16 -1 0
vn 0 0 -1
vn 0 0 1
vn -1 0 0
vn 1 0 0
vn 0 1 0
vn 0 -1 0
vn 0 0 -1
vn 0 0 1
vn 0.25881904510252196 -0.965925826289068 0
vn -0.2588190451025196 0.9659258262890686 0
vn 0.9659258262890684 0.2588190451025209 0
vn -0.9659258262890683 -0.25881904510252063 0
vn 0 0 1
vn 0 0 -1
vn 0.2588190451025218 0.9659258262890682 0
vn -0.25881904510252196 -0.965925826289068 0
vn -0.9659258262890683 0.2588190451025207 0
vn 0.9659258262890684 -0.2588190451025209 0
vn 0 0 1
vn 0 0 -1
usemtl m_95a4e7be-1ce3-1987-38a2-28f17dc65aaa
f 1/1/1 2/2/1 3/3/1
f 3/4/2 4/5/2 5/6/2
f 5/7/3 6/8/3 7/9/3
f 1/10/4 6/11/4 8/12/4
f 4/13/5 8/14/5 6/15/5
f 3/16/6 7/17/6 1/18/6
f 9/19/7 10/20/7 11/21/7
f 11/22/8 12/23/8 13/24/8
f 14/25/9 12/26/9 15/27/9
f 14/28/10 16/29/10 9/30/10
f 12/31/11 16/32/11 15/33/11
f 11/34/12 14/35/12 9/36/12
f 17/37/13 18/38/13 19/39/13
f 20/40/14 18/41/14 21/42/14
f 20/43/15 22/44/15 23/45/15
f 17/46/16 22/47/16 24/48/16
f 21/49/17 24/50/17 22/51/17
f 19/52/18 23/53/18 17/54/18
f 25/55/19 26/56/19 27/57/19
f 27/58/20 28/59/20 29/60/20
f 29/61/21 30/62/21 31/63/21
f 31/64/22 32/65/22 25/66/22
f 28/67/23 32/68/23 30/69/23
f 27/70/24 31/71/24 25/72/24
f 33/73/25 34/74/25 35/75/25
f 36/76/26 34/77/26 37/78/26
f 36/79/27 38/80/27 39/81/27
f 33/82/28 38/83/28 40/84/28
f 38/85/29 34/86/29 40/87/29
f 35/88/30 39/89/30 33/90/30
f 41/91/31 42/92/31 43/93/31
f 43/94/32 44/95/32 45/96/32
f 46/97/33 44/98/33 47/99/33
f 46/100/34 48/101/34 41/102/34
f 44/103/35 48/104/35 47/105/35
f 41/106/36 45/107/36 46/108/36
f 49/109/37 50/110/37 51/111/37
f 51/112/38 52/113/38 53/114/38
f 53/115/39 54/116/39 55/117/39
f 55/118/40 56/119/40 49/120/40
f 52/121/41 56/122/41 54/123/41
f 51/124/42 55/125/42 49/126/42
f 57/127/43 58/128/43 59/129/43
f 59/130/44 60/131/44 61/132/44
f 61/133/45 62/134/45 63/135/45
f 63/136/46 64/137/46 57/138/46
f 60/139/47 64/140/47 62/141/47
f 59/142/48 63/143/48 57/144/48
f 65/145/49 66/146/49 67/147/49
f 67/148/50 68/149/50 69/150/50
f 69/151/51 70/152/51 71/153/51
f 71/154/52 72/155/52 65/156/52
f 68/157/53 72/158/53 70/159/53
f 67/160/54 71/161/54 65/162/54
f 1/163/55 8/164/55 2/165/55
f 3/166/56 2/167/56 4/168/56
f 5/169/57 4/170/57 6/171/57
f 1/172/58 7/173/58 6/174/58
f 4/175/59 2/176/59 8/177/59
f 3/178/60 5/179/60 7/180/60
f 9/181/61 16/182/61 10/183/61
f 11/184/62 10/185/62 12/186/62
f 14/187/63 13/188/63 12/189/63
f 14/190/64 15/191/64 16/192/64
f 12/193/65 10/194/65 16/195/65
f 11/196/66 13/197/66 14/198/66
f 17/199/67 24/200/67 18/201/67
f 20/202/68 19/203/68 18/204/68
f 20/205/69 21/206/69 22/207/69
f 17/208/70 23/209/70 22/210/70
f 21/211/71 18/212/71 24/213/71
f 19/214/72 20/215/72 23/216/72
f 25/217/73 32/218/73 26/219/73
f 27/220/74 26/221/74 28/222/74
f 29/223/75 28/224/75 30/225/75
f 31/226/76 30/227/76 32/228/76
f 28/229/77 26/230/77 32/231/77
f 27/232/78 29/233/78 31/234/78
f 33/235/79 40/236/79 34/237/79
f 36/238/80 35/239/80 34/240/80
f 36/241/81 37/242/81 38/243/81
f 33/244/82 39/245/82 38/246/82
f 38/247/83 37/248/83 34/249/83
f 35/250/84 36/251/84 39/252/84
f 41/253/85 48/254/85 42/255/85
f 43/256/86 42/257/86 44/258/86
f 46/259/87 45/260/87 44/261/87
f 46/262/88 47/263/88 48/264/88
f 44/265/89 42/266/89 48/267/89
f 41/268/90 43/269/90 45/270/90
f 49/271/91 56/272/91 50/273/91
f 51/274/92 50/275/92 52/276/92
f 53/277/93 52/278/93 54/279/93
f 55/280/94 54/281/94 56/282/94
f 52/283/95 50/284/95 56/285/95
f 51/286/96 53/287/96 55/288/96
f 57/289/97 64/290/97 58/291/97
f 59/292/98 58/293/98 60/294/98
f 61/295/99 60/296/99 62/297/99
f 63/298/100 62/299/100 64/300/100
f 60/301/101 58/302/101 64/303/101
f 59/304/102 61/305/102 63/306/102
f 65/307/103 72/308/103 66/309/103
f 67/310/104 66/311/104 68/312/104
f 69/313/105 68/314/105 70/315/105
f 71/316/106 70/317/106 72/318/106
f 68/319/107 66/320/107 72/321/107
f 67/322/108 69/323/108 71/324/108
f 73/325/109 74/326/109 75/327/109
f 75/328/110 76/329/110 77/330/110
f 77/331/111 78/332/111 79/333/111
f 79/334/112 80/335/112 73/336/112
f 76/337/113 80/338/113 78/339/113
f 75/340/114 79/341/114 73/342/114
f 73/343/115 80/344/115 74/345/115
f 75/346/116 74/347/116 76/348/116
f 77/349/117 76/350/117 78/351/117
f 79/352/118 78/353/118 80/354/118
f 76/355/119 74/356/119 80/357/119
f 75/358/120 77/359/120 79/360/120
f 81/361/121 82/362/121 83/363/121
f 83/364/122 84/365/122 85/366/122
f 85/367/123 86/368/123 87/369/123
f 87/370/124 88/371/124 81/372/124
f 84/373/125 88/374/125 86/375/125
f 83/376/126 87/377/126 81/378/126
f 81/379/127 88/380/127 82/381/127
f 83/382/128 82/383/128 84/384/128
f 85/385/129 84/386/129 86/387/129
f 87/388/130 86/389/130 88/390/130
f 84/391/131 82/392/131 88/393/131
f 83/394/132 85/395/132 87/396/132
f 89/397/133 90/398/133 91/399/133
f 91/400/134 92/401/134 93/402/134
f 93/403/135 94/404/135 95/405/135
f 95/406/136 96/407/136 89/408/136
f 92/409/137 96/410/137 94/411/137
f 91/412/138 95/413/138 89/414/138
f 97/415/139 98/416/139 99/417/139
f 99/418/140 100/419/140 101/420/140
f 101/421/141 102/422/141 103/423/141
f 103/424/142 104/425/142 97/426/142
f 100/427/143 104/428/143 102/429/143
f 99/430/144 103/431/144 97/432/144
f 89/433/145 96/434/145 90/435/145
f 91/436/146 90/437/146 92/438/146
f 93/439/147 92/440/147 94/441/147
f 95/442/148 94/443/148 96/444/148
f 92/445/149 90/446/149 96/447/149
f 91/448/150 93/449/150 95/450/150
f 97/451/151 104/452/151 98/453/151
f 99/454/152 98/455/152 100/456/152
f 101/457/153 100/458/153 102/459/153
f 103/460/154 102/461/154 104/462/154
f 100/463/155 98/464/155 104/465/155
f 99/466/156 101/467/156 103/468/156
f 105/469/157 106/470/157 107/471/157
f 105/472/158 108/473/158 109/474/158
f 109/475/159 110/476/159 111/477/159
f 111/478/160 106/479/160 112/480/160
f 108/481/161 106/482/161 110/483/161
f 105/484/162 111/485/162 112/486/162
f 105/487/163 112/488/163 106/489/163
f 105/490/164 107/491/164 108/492/164
f 109/493/165 108/494/165 110/495/165
f 111/496/166 110/497/166 106/498/166
f 108/499/167 107/500/167 106/501/167
f 105/502/168 109/503/168 111/504/168
f 113/505/169 114/506/169 115/507/169
f 113/508/170 116/509/170 117/510/170
f 117/511/171 118/512/171 119/513/171
f 119/514/172 114/515/172 120/516/172
f 116/517/173 114/518/173 118/519/173
f 113/520/174 119/521/174 120/522/174
f 113/523/175 120/524/175 114/525/175
f 113/526/176 115/527/176 116/528/176
f 117/529/177 116/530/177 118/531/177
f 119/532/178 118/533/178 114/534/178
f 116/535/179 115/536/179 114/537/179
f 113/538/180 117/539/180 119/540/180
f 121/541/181 122/542/181 123/543/181
f 123/544/182 124/545/182 125/546/182
f 125/547/183 126/548/183 127/549/183
f 127/550/184 128/551/184 121/552/184
f 124/553/185 128/554/185 126/555/185
f 123/556/186 127/557/186 121/558/186
f 121/559/187 128/560/187 122/561/187
f 123/562/188 122/563/188 124/564/188
f 125/565/189 124/566/189 126/567/189
f 127/568/190 126/569/190 128/570/190
f 124/571/191 122/572/191 128/573/191
f 123/574/192 125/575/192 127/576/192
f 129/577/193 130/578/193 131/579/193
f 129/580/194 132/581/194 133/582/194
f 133/583/195 134/584/195 135/585/195
f 135/586/196 130/587/196 136/588/196
f 132/589/197 130/590/197 134/591/197
f 129/592/198 135/593/198 136/594/198
f 129/595/199 136/596/199 130/597/199
f 129/598/200 131/599/200 132/600/200
f 133/601/201 132/602/201 134/603/201
f 135/604/202 134/605/202 130/606/202
f 132/607/203 131/608/203 130/609/203
f 129/610/204 133/611/204 135/612/204
f 137/613/205 138/614/205 139/615/205
f 137/616/206 140/617/206 141/618/206
f 141/619/207 142/620/207 143/621/207
f 143/622/208 138/623/208 144/624/208
f 140/625/209 138/626/209 142/627/209
f 137/628/210 143/629/210 144/630/210
f 137/631/211 144/632/211 138/633/211
f 137/634/212 139/635/212 140/636/212
f 141/637/213 140/638/213 142/639/213
f 143/640/214 142/641/214 138/642/214
f 140/643/215 139/644/215 138/645/215
f 137/646/216 141/647/216 143/648/216
f 145/649/217 146/650/217 147/651/217
f 147/652/218 148/653/218 149/654/218
f 149/655/219 150/656/219 151/657/219
f 151/658/220 152/659/220 145/660/220
f 148/661/221 152/662/221 150/663/221
f 147/664/222 151/665/222 145/666/222
f 145/667/223 152/668/223 146/669/223
f 147/670/224 146/671/224 148/672/224
f 149/673/225 148/674/225 150/675/225
f 151/676/226 150/677/226 152/678/226
f 148/679/227 146/680/227 152/681/227
f 147/682/228 149/683/228 151/684/228
f 153/685/229 154/686/229 155/687/229
f 153/688/230 156/689/230 157/690/230
f 157/691/231 158/692/231 159/693/231
f 160/694/232 158/695/232 154/696/232
f 156/697/233 154/698/233 158/699/233
f 160/700/234 157/701/234 159/702/234
f 161/703/235 162/704/235 163/705/235
f 163/706/236 164/707/236 165/708/236
f 165/709/237 166/710/237 167/711/237
f 167/712/238 168/713/238 161/714/238
f 164/715/239 168/716/239 166/717/239
f 163/718/240 167/719/240 161/720/240
f 153/721/241 160/722/241 154/723/241
f 153/724/242 155/725/242 156/726/242
f 157/727/243 156/728/243 158/729/243
f 160/730/244 159/731/244 158/732/244
f 156/733/245 155/734/245 154/735/245
f 160/736/246 153/737/246 157/738/246
f 161/739/247 168/740/247 162/741/247
f 163/742/248 162/743/248 164/744/248
f 165/745/249 164/746/249 166/747/249
f 167/748/250 166/749/250 168/750/250
f 164/751/251 162/752/251 168/753/251
f 163/754/252 165/755/252 167/756/252
f 169/757/253 170/758/253 171/759/253
f 172/760/254 170/761/254 173/762/254
f 174/763/255 173/764/255 175/765/255
f 174/766/256 176/767/256 169/768/256
f 169/769/257 172/770/257 174/771/257
f 173/772/258 176/773/258 175/774/258
f 177/775/259 178/776/259 179/777/259
f 180/778/260 179/779/260 181/780/260
f 182/781/261 181/782/261 183/783/261
f 184/784/262 183/785/262 178/786/262
f 184/787/263 180/788/263 182/789/263
f 183/790/264 179/791/264 178/792/264
f 176/793/265 170/794/265 169/795/265
f 171/796/266 170/797/266 172/798/266
f 172/799/267 173/800/267 174/801/267
f 175/802/268 176/803/268 174/804/268
f 171/805/269 172/806/269 169/807/269
f 170/808/270 176/809/270 173/810/270
f 184/811/271 178/812/271 177/813/271
f 177/814/272 179/815/272 180/816/272
f 180/817/273 181/818/273 182/819/273
f 182/820/274 183/821/274 184/822/274
f 177/823/275 180/824/275 184/825/275
f 181/826/276 179/827/276 183/828/276
f 185/829/277 186/830/277 187/831/277
f 187/832/278 188/833/278 189/834/278
f 189/835/279 190/836/279 191/837/279
f 191/838/280 192/839/280 185/840/280
f 188/841/281 192/842/281 190/843/281
f 187/844/282 191/845/282 185/846/282
f 193/847/283 194/848/283 195/849/283
f 195/850/284 196/851/284 197/852/284
f 197/853/285 198/854/285 199/855/285
f 199/856/286 200/857/286 193/858/286
f 196/859/287 200/860/287 198/861/287
f 195/862/288 199/863/288 193/864/288
f 185/865/289 192/866/289 186/867/289
f 187/868/290 186/869/290 188/870/290
f 189/871/291 188/872/291 190/873/291
f 191/874/292 190/875/292 192/876/292
f 188/877/293 186/878/293 192/879/293
f 187/880/294 189/881/294 191/882/294
f 193/883/295 200/884/295 194/885/295
f 195/886/296 194/887/296 196/888/296
f 197/889/297 196/890/297 198/891/297
f 199/892/298 198/893/298 200/894/298
f 196/895/299 194/896/299 200/897/299
f 195/898/300 197/899/300 199/900/300
f 201/901/301 202/902/301 203/903/301 204/904/301
f 205/905/302 206/906/302 207/907/302 208/908/302
f 203/909/303 202/910/303 207/911/303 206/912/303
f 201/913/304 204/914/304 205/915/304 208/916/304
f 204/917/305 203/918/305 206/919/305 205/920/305
f 208/921/306 207/922/306 202/923/306 201/924/306
f 209/925/307 210/926/307 211/927/307 212/928/307
f 213/929/308 214/930/308 215/931/308 216/932/308
f 211/933/309 210/934/309 215/935/309 214/936/309
f 209/937/310 212/938/310 213/939/310 216/940/310
f 212/941/311 211/942/311 214/943/311 213/944/311
f 216/945/312 215/946/312 210/947/312 209/948/312
f 217/949/313 218/950/313 219/951/313 220/952/313
f 221/953/314 222/954/314 223/955/314 224/956/314
f 219/957/315 218/958/315 223/959/315 222/960/315
f 217/961/316 220/962/316 221/963/316 224/964/316
f 220/965/317 219/966/317 222/967/317 221/968/317
f 224/969/318 223/970/318 218/971/318 217/972/318
f 225/973/319 226/974/319 227/975/319 228/976/319
f 229/977/320 230/978/320 231/979/320 232/980/320
f 227/981/321 226/982/321 231/983/321 230/984/321
f 225/985/322 228/986/322 229/987/322 232/988/322
f 228/989/323 227/990/323 230/991/323 229/992/323
f 232/993/324 231/994/324 226/995/324 225/996/324
f 233/997/325 234/998/325 235/999/325 236/1000/325
f 237/1001/326 238/1002/326 239/1003/326 240/1004/326
f 235/1005/327 234/1006/327 239/1007/327 238/1008/327
f 233/1009/328 236/1010/328 237/1011/328 240/1012/328
f 236/1013/329 235/1014/329 238/1015/329 237/1016/329
f 240/1017/330 239/1018/330 234/1019/330 233/1020/330
f 241/1021/331 242/1022/331 243/1023/331 244/1024/331
f 245/1025/332 246/1026/332 247/1027/332 248/1028/332
f 243/1029/333 242/1030/333 247/1031/333 246/1032/333
f 241/1033/334 244/1034/334 245/1035/334 248/1036/334
f 244/1037/335 243/1038/335 246/1039/335 245/1040/335
f 248/1041/336 247/1042/336 242/1043/336 241/1044/336
f 249/1045/337 250/1046/337 251/1047/337 252/1048/337
f 253/1049/338 254/1050/338 255/1051/338 256/1052/338
f 251/1053/339 250/1054/339 255/1055/339 254/1056/339
f 249/1057/340 252/1058/340 253/1059/340 256/1060/340
f 252/1061/341 251/1062/341 254/1063/341 253/1064/341
f 256/1065/342 255/1066/342 250/1067/342 249/1068/342
f 257/1069/343 258/1070/343 259/1071/343 260/1072/343
f 261/1073/344 262/1074/344 263/1075/344 264/1076/344
f 259/1077/345 258/1078/345 263/1079/345 262/1080/345
f 257/1081/346 260/1082/346 261/1083/346 264/1084/346
f 260/1085/347 259/1086/347 262/1087/347 261/1088/347
f 264/1089/348 263/1090/348 258/1091/348 257/1092/348
f 265/1093/349 266/1094/349 267/1095/349 268/1096/349
f 269/1097/350 270/1098/350 271/1099/350 272/1100/350
f 267/1101/351 266/1102/351 271/1103/351 270/1104/351
f 265/1105/352 268/1106/352 269/1107/352 272/1108/352
f 268/1109/353 267/1110/353 270/1111/353 269/1112/353
f 272/1113/354 271/1114/354 266/1115/354 265/1116/354
f 273/1117/355 274/1118/355 275/1119/355 276/1120/355
f 277/1121/356 278/1122/356 279/1123/356 280/1124/356
f 275/1125/357 274/1126/357 279/1127/357 278/1128/357
f 273/1129/358 276/1130/358 277/1131/358 280/1132/358
f 276/1133/359 275/1134/359 278/1135/359 277/1136/359
f 280/1137/360 279/1138/360 274/1139/360 273/1140/360
f 281/1141/361 282/1142/361 283/1143/361 284/1144/361
f 285/1145/362 286/1146/362 287/1147/362 288/1148/362
f 283/1149/363 282/1150/363 287/1151/363 286/1152/363
f 281/1153/364 284/1154/364 285/1155/364 288/1156/364
f 284/1157/365 283/1158/365 286/1159/365 285/1160/365
f 288/1161/366 287/1162/366 282/1163/366 281/1164/366
f 289/1165/367 290/1166/367 291/1167/367 292/1168/367
f 293/1169/368 294/1170/368 295/1171/368 296/1172/368
f 291/1173/369 290/1174/369 295/1175/369 294/1176/369
f 289/1177/370 292/1178/370 293/1179/370 296/1180/370
f 292/1181/371 291/1182/371 294/1183/371 293/1184/371
f 296/1185/372 295/1186/372 290/1187/372 289/1188/372
f 297/1189/373 298/1190/373 299/1191/373 300/1192/373
f 301/1193/374 302/1194/374 303/1195/374 304/1196/374
f 299/1197/375 298/1198/375 303/1199/375 302/1200/375
f 297/1201/376 300/1202/376 301/1203/376 304/1204/376
f 300/1205/377 299/1206/377 302/1207/377 301/1208/377
f 304/1209/378 303/1210/378 298/1211/378 297/1212/378
f 305/1213/379 306/1214/379 307/1215/379 308/1216/379
f 309/1217/380 310/1218/380 311/1219/380 312/1220/380
f 307/1221/381 306/1222/381 311/1223/381 310/1224/381
f 305/1225/382 308/1226/382 309/1227/382 312/1228/382
f 308/1229/383 307/1230/383 310/1231/383 309/1232/383
f 312/1233/384 311/1234/384 306/1235/384 305/1236/384
f 313/1237/385 314/1238/385 315/1239/385 316/1240/385
f 317/1241/386 318/1242/386 319/1243/386 320/1244/386
f 315/1245/387 314/1246/387 319/1247/387 318/1248/387
f 313/1249/388 316/1250/388 317/1251/388 320/1252/388
f 316/1253/389 315/1254/389 318/1255/389 317/1256/389
f 320/1257/390 319/1258/390 314/1259/390 313/1260/390
f 321/1261/391 322/1262/391 323/1263/391 324/1264/391
f 325/1265/392 326/1266/392 327/1267/392 328/1268/392
f 323/1269/393 322/1270/393 327/1271/393 326/1272/393
f 321/1273/394 324/1274/394 325/1275/394 328/1276/394
f 324/1277/395 323/1278/395 326/1279/395 325/1280/395
f 328/1281/396 327/1282/396 322/1283/396 321/1284/396
f 329/1285/397 330/1286/397 331/1287/397 332/1288/397
f 333/1289/398 334/1290/398 335/1291/398 336/1292/398
f 331/1293/399 330/1294/399 335/1295/399 334/1296/399
f 329/1297/400 332/1298/400 333/1299/400 336/1300/400
f 332/1301/401 331/1302/401 334/1303/401 333/1304/401
f 336/1305/402 335/1306/402 330/1307/402 329/1308/402
f 337/1309/403 338/1310/403 339/1311/403 340/1312/403
f 341/1313/404 342/1314/404 343/1315/404 344/1316/404
f 339/1317/405 338/1318/405 343/1319/405 342/1320/405
f 337/1321/406 340/1322/406 341/1323/406 344/1324/406
f 340/1325/407 339/1326/407 342/1327/407 341/1328/407
f 344/1329/408 343/1330/408 338/1331/408 337/1332/408
f 345/1333/409 346/1334/409 347/1335/409 348/1336/409
f 349/1337/410 350/1338/410 351/1339/410 352/1340/410
f 347/1341/411 346/1342/411 351/1343/411 350/1344/411
f 345/1345/412 348/1346/412 349/1347/412 352/1348/412
f 348/1349/413 347/1350/413 350/1351/413 349/1352/413
f 352/1353/414 351/1354/414 346/1355/414 345/1356/414
f 353/1357/415 354/1358/415 355/1359/415 356/1360/415
f 357/1361/416 358/1362/416 359/1363/416 360/1364/416
f 355/1365/417 354/1366/417 359/1367/417 358/1368/417
f 353/1369/418 356/1370/418 357/1371/418 360/1372/418
f 356/1373/419 355/1374/419 358/1375/419 357/1376/419
f 360/1377/420 359/1378/420 354/1379/420 353/1380/420
f 361/1381/421 362/1382/421 363/1383/421 364/1384/421
f 365/1385/422 366/1386/422 367/1387/422 368/1388/422
f 363/1389/423 362/1390/423 367/1391/423 366/1392/423
f 361/1393/424 364/1394/424 365/1395/424 368/1396/424
f 364/1397/425 363/1398/425 366/1399/425 365/1400/425
f 368/1401/426 367/1402/426 362/1403/426 361/1404/426
f 369/1405/427 370/1406/427 371/1407/427 372/1408/427
f 373/1409/428 374/1410/428 375/1411/428 376/1412/428
f 371/1413/429 370/1414/429 375/1415/429 374/1416/429
f 369/1417/430 372/1418/430 373/1419/430 376/1420/430
f 372/1421/431 371/1422/431 374/1423/431 373/1424/431
f 376/1425/432 375/1426/432 370/1427/432 369/1428/432
f 377/1429/433 378/1430/433 379/1431/433 380/1432/433
f 381/1433/434 382/1434/434 383/1435/434 384/1436/434
f 379/1437/435 378/1438/435 383/1439/435 382/1440/435
f 377/1441/436 380/1442/436 381/1443/436 384/1444/436
f 380/1445/437 379/1446/437 382/1447/437 381/1448/437
f 384/1449/438 383/1450/438 378/1451/438 377/1452/438
f 385/1453/439 386/1454/439 387/1455/439 388/1456/439
f 389/1457/440 390/1458/440 391/1459/440 392/1460/440
f 387/1461/441 386/1462/441 391/1463/441 390/1464/441
f 385/1465/442 388/1466/442 389/1467/442 392/1468/442
f 388/1469/443 387/1470/443 390/1471/443 389/1472/443
f 392/1473/444 391/1474/444 386/1475/444 385/1476/444
f 393/1477/445 394/1478/445 395/1479/445 396/1480/445
f 397/1481/446 398/1482/446 399/1483/446 400/1484/446
f 395/1485/447 394/1486/447 399/1487/447 398/1488/447
f 393/1489/448 396/1490/448 397/1491/448 400/1492/448
f 396/1493/449 395/1494/449 398/1495/449 397/1496/449
f 400/1497/450 399/1498/450 394/1499/450 393/1500/450
f 401/1501/451 402/1502/451 403/1503/451 404/1504/451
f 405/1505/452 406/1506/452 407/1507/452 408/1508/452
f 403/1509/453 402/1510/453 407/1511/453 406/1512/453
f 401/1513/454 404/1514/454 405/1515/454 408/1516/454
f 404/1517/455 403/1518/455 406/1519/455 405/1520/455
f 408/1521/456 407/1522/456 402/1523/456 401/1524/456
f 409/1525/457 410/1526/457 411/1527/457 412/1528/457
f 413/1529/458 414/1530/458 415/1531/458 416/1532/458
f 411/1533/459 410/1534/459 415/1535/459 414/1536/459
f 409/1537/460 412/1538/460 413/1539/460 416/1540/460
f 412/1541/461 411/1542/461 414/1543/461 413/1544/461
f 416/1545/462 415/1546/462 410/1547/462 409/1548/462
f 417/1549/463 418/1550/463 419/1551/463 420/1552/463
f 421/1553/464 422/1554/464 423/1555/464 424/1556/464
f 419/1557/465 418/1558/465 423/1559/465 422/1560/465
f 417/1561/466 420/1562/466 421/1563/466 424/1564/466
f 420/1565/467 419/1566/467 422/1567/467 421/1568/467
f 424/1569/468 423/1570/468 418/1571/468 417/1572/468
f 425/1573/469 426/1574/469 427/1575/469 428/1576/469
f 429/1577/470 430/1578/470 431/1579/470 432/1580/470
f 427/1581/471 426/1582/471 431/1583/471 430/1584/471
f 425/1585/472 428/1586/472 429/1587/472 432/1588/472
f 428/1589/473 427/1590/473 430/1591/473 429/1592/473
f 432/1593/474 431/1594/474 426/1595/474 425/1596/474
f 433/1597/475 434/1598/475 435/1599/475 436/1600/475
f 437/1601/476 438/1602/476 439/1603/476 440/1604/476
f 435/1605/477 434/1606/477 439/1607/477 438/1608/477
f 433/1609/478 436/1610/478 437/1611/478 440/1612/478
f 436/1613/479 435/1614/479 438/1615/479 437/1616/479
f 440/1617/480 439/1618/480 434/1619/480 433/1620/480
f 441/1621/481 442/1622/481 443/1623/481 444/1624/481
f 445/1625/482 446/1626/482 447/1627/482 448/1628/482
f 443/1629/483 442/1630/483 447/1631/483 446/1632/483
f 441/1633/484 444/1634/484 445/1635/484 448/1636/484
f 444/1637/485 443/1638/485 446/1639/485 445/1640/485
f 448/1641/486 447/1642/486 442/1643/486 441/1644/486
f 449/1645/487 450/1646/487 451/1647/487 452/1648/487
f 453/1649/488 454/1650/488 455/1651/488 456/1652/488
f 451/1653/489 450/1654/489 455/1655/489 454/1656/489
f 449/1657/490 452/1658/490 453/1659/490 456/1660/490
f 452/1661/491 451/1662/491 454/1663/491 453/1664/491
f 456/1665/492 455/1666/492 450/1667/492 449/1668/492
f 457/1669/493 458/1670/493 459/1671/493 460/1672/493
f 461/1673/494 462/1674/494 463/1675/494 464/1676/494
f 459/1677/495 458/1678/495 463/1679/495 462/1680/495
f 457/1681/496 460/1682/496 461/1683/496 464/1684/496
f 460/1685/497 459/1686/497 462/1687/497 461/1688/497
f 464/1689/498 463/1690/498 458/1691/498 457/1692/498
f 465/1693/499 466/1694/499 467/1695/499 468/1696/499
f 469/1697/500 470/1698/500 471/1699/500 472/1700/500
f 467/1701/501 466/1702/501 471/1703/501 470/1704/501
f 465/1705/502 468/1706/502 469/1707/502 472/1708/502
f 468/1709/503 467/1710/503 470/1711/503 469/1712/503
f 472/1713/504 471/1714/504 466/1715/504 465/1716/504
f 473/1717/505 474/1718/505 475/1719/505 476/1720/505
f 477/1721/506 478/1722/506 479/1723/506 480/1724/506
f 475/1725/507 474/1726/507 479/1727/507 478/1728/507
f 473/1729/508 476/1730/508 477/1731/508 480/1732/508
f 476/1733/509 475/1734/509 478/1735/509 477/1736/509
f 480/1737/510 479/1738/510 474/1739/510 473/1740/510
f 481/1741/511 482/1742/511 483/1743/511 484/1744/511
f 485/1745/512 486/1746/512 487/1747/512 488/1748/512
f 483/1749/513 482/1750/513 487/1751/513 486/1752/513
f 481/1753/514 484/1754/514 485/1755/514 488/1756/514
f 484/1757/515 483/1758/515 486/1759/515 485/1760/515
f 488/1761/516 487/1762/516 482/1763/516 481/1764/516
f 489/1765/517 490/1766/517 491/1767/517 492/1768/517
f 493/1769/518 494/1770/518 495/1771/518 496/1772/518
f 491/1773/519 490/1774/519 495/1775/519 494/1776/519
f 489/1777/520 492/1778/520 493/1779/520 496/1780/520
f 492/1781/521 491/1782/521 494/1783/521 493/1784/521
f 496/1785/522 495/1786/522 490/1787/522 489/1788/522
f 497/1789/523 498/1790/523 499/1791/523 500/1792/523
f 501/1793/524 502/1794/524 503/1795/524 504/1796/524
f 499/1797/525 498/1798/525 503/1799/525 502/1800/525
f 497/1801/526 500/1802/526 501/1803/526 504/1804/526
f 500/1805/527 499/1806/527 502/1807/527 501/1808/527
f 504/1809/528 503/1810/528 498/1811/528 497/1812/528
